age,income,employment_years,credit_score,loan_amount,debt_to_income,existing_loans,home_ownership,loan_purpose,Default
58,64934.28,2.5,581.0,9598.57,0.131,0,RENT,education,0
61,52234.71,1.3,648.0,13843.85,0.313,0,MORTGAGE,business,0
27,67953.77,0.9,651.0,8660.64,0.16,1,RENT,home_improvement,0
34,85460.6,5.5,688.0,12536.31,0.112,1,MORTGAGE,medical,0
63,50316.93,4.7,541.0,1000.0,-0.047,1,RENT,education,0
68,50317.26,5.2,697.0,16706.35,0.318,2,MORTGAGE,business,0
45,86584.26,0.5,434.0,15009.64,0.249,1,OWN,business,0
52,70348.69,11.2,600.0,8463.29,0.178,1,MORTGAGE,business,0
58,45610.51,2.5,611.0,20273.97,0.389,1,RENT,debt_consolidation,0
42,65851.2,1.9,701.0,22500.56,0.283,1,MORTGAGE,debt_consolidation,0
36,45731.65,3.1,652.0,2139.52,0.111,0,RENT,education,1
49,45685.4,2.5,538.0,8898.2,0.138,0,RENT,medical,0
36,59839.25,,571.0,8846.86,0.173,1,RENT,education,0
32,16734.4,13.2,666.0,7480.78,0.416,2,MORTGAGE,medical,0
37,20501.64,1.8,644.0,21635.8,1.136,1,MORTGAGE,home_improvement,1
57,43754.25,10.0,604.0,13449.39,0.269,3,OWN,business,0
47,34743.38,7.6,612.0,12883.88,0.428,0,OWN,business,0
45,61284.95,13.4,706.0,1000.0,0.026,2,RENT,debt_consolidation,0
33,36839.52,1.4,609.0,20083.34,0.558,0,MORTGAGE,home_improvement,0
28,26753.93,4.3,643.0,5085.93,0.092,2,MORTGAGE,home_improvement,0
25,84312.98,1.6,824.0,15479.46,0.073,1,MORTGAGE,medical,0
32,50484.47,8.7,536.0,17219.02,0.33,1,OWN,home_improvement,0
61,56350.56,0.0,502.0,25885.27,0.472,0,MORTGAGE,debt_consolidation,0
23,26505.04,4.2,713.0,4529.44,0.115,1,MORTGAGE,medical,0
55,44112.35,2.1,596.0,1000.0,-0.032,0,OWN,education,1
53,57218.45,,625.0,16470.8,0.316,0,RENT,medical,0
42,31980.13,5.2,588.0,29404.09,0.948,3,OWN,education,1
64,62513.96,9.5,629.0,24911.57,0.392,1,OWN,medical,0
29,42987.23,4.7,778.0,16677.28,0.427,3,RENT,business,0
61,49166.13,9.6,714.0,11066.91,0.166,1,RENT,education,0
38,42965.87,1.5,719.0,21456.98,0.482,1,OWN,debt_consolidation,0
49,92045.56,3.7,537.0,7211.63,0.161,0,OWN,education,0
59,54730.06,3.0,558.0,18810.86,0.347,1,OWN,education,0
47,33845.78,0.1,423.0,19043.76,0.569,0,RENT,medical,1
56,71450.9,4.1,585.0,23481.68,0.444,4,MORTGAGE,business,1
65,30583.13,5.4,727.0,37077.28,1.142,1,OWN,medical,0
37,59177.27,4.5,691.0,18139.33,0.346,2,RENT,medical,0
54,15806.6,6.7,632.0,10928.29,0.775,1,RENT,business,1
66,28436.28,4.2,648.0,14795.41,0.504,0,MORTGAGE,medical,0
23,58937.22,0.3,595.0,1000.0,0.06,1,MORTGAGE,business,0
25,69769.33,0.6,666.0,9442.29,0.086,1,RENT,debt_consolidation,0
34,58427.37,4.5,711.0,11725.74,0.166,2,MORTGAGE,business,0
23,52687.03,1.6,521.0,10807.29,0.224,1,RENT,home_improvement,0
43,48977.93,0.4,674.0,16218.84,0.371,2,MORTGAGE,business,0
59,25429.56,2.8,725.0,8420.64,0.387,1,RENT,business,0
50,40603.12,4.0,617.0,23968.25,0.669,1,RENT,home_improvement,0
65,45787.22,2.0,706.0,15001.66,0.324,1,OWN,business,0
43,76142.44,6.4,850.0,14925.6,0.256,2,RENT,education,0
47,61872.37,,642.0,12376.84,0.183,1,OWN,medical,0
30,19739.2,,681.0,16241.53,0.868,1,MORTGAGE,medical,0
45,61481.68,7.0,591.0,21600.79,0.362,1,MORTGAGE,debt_consolidation,1
33,47298.35,5.2,665.0,8062.96,0.193,1,OWN,debt_consolidation,0
36,41461.56,5.1,687.0,9735.07,0.256,1,OWN,home_improvement,0
61,67233.53,,666.0,12570.19,0.107,3,RENT,education,1
54,75619.99,0.1,568.0,4233.03,-0.0,0,RENT,debt_consolidation,0
57,73625.6,6.0,667.0,8445.94,0.12,2,OWN,medical,0
42,38215.65,2.4,767.0,11190.23,0.208,1,RENT,debt_consolidation,0
37,48815.75,14.3,686.0,21995.11,0.492,3,MORTGAGE,debt_consolidation,0
43,61625.27,,727.0,17100.49,0.321,0,OWN,business,1
56,74510.9,4.4,631.0,16548.72,0.238,0,RENT,debt_consolidation,0
69,45416.52,1.5,710.0,21807.18,0.424,1,OWN,home_improvement,0
29,51286.82,1.1,672.0,13901.03,0.34,0,RENT,medical,1
22,32873.3,2.1,574.0,18123.72,0.653,1,OWN,home_improvement,1
52,31075.87,3.2,675.0,14174.23,0.463,0,MORTGAGE,home_improvement,0
42,71250.52,1.8,571.0,17122.9,0.266,0,OWN,education,0
63,82124.8,3.6,599.0,10337.93,0.136,0,RENT,business,0
33,53559.8,0.9,665.0,1000.0,0.045,3,MORTGAGE,home_improvement,0
28,75070.66,19.0,674.0,13925.77,0.18,1,RENT,education,0
21,62232.72,0.6,555.0,26381.99,0.422,0,MORTGAGE,medical,0
37,42097.6,13.4,734.0,22409.72,0.578,0,OWN,medical,1
32,62227.91,12.2,696.0,22723.18,0.482,1,OWN,education,0
24,85760.73,3.7,594.0,24889.05,0.22,0,MORTGAGE,home_improvement,1
33,54283.48,6.5,527.0,15709.26,0.284,1,MORTGAGE,home_improvement,0
51,86292.87,2.9,638.0,16578.53,0.133,0,RENT,business,0
61,15000.0,5.0,614.0,10058.78,0.75,0,RENT,business,0
27,71438.05,2.1,659.0,12471.42,0.145,1,MORTGAGE,medical,0
43,56740.94,1.8,621.0,19926.17,0.279,0,RENT,business,0
44,49019.85,4.3,489.0,24631.08,0.534,1,OWN,education,1
25,56835.22,3.4,619.0,13884.43,0.332,1,MORTGAGE,medical,1
25,15248.62,4.3,626.0,11398.49,0.781,0,OWN,home_improvement,1
37,50606.56,1.7,701.0,15004.22,0.307,2,MORTGAGE,medical,0
50,62142.25,2.3,594.0,19809.65,0.339,1,MORTGAGE,debt_consolidation,1
29,84557.88,0.4,784.0,3449.16,0.112,0,MORTGAGE,medical,0
26,44634.6,0.3,497.0,1000.0,-0.021,1,MORTGAGE,business,0
45,38830.13,1.5,755.0,10595.71,0.267,2,OWN,education,0
39,44964.86,0.4,632.0,5234.3,0.094,1,OWN,home_improvement,0
36,73308.04,0.5,719.0,10934.88,0.091,0,OWN,home_improvement,0
41,61575.02,8.4,656.0,13817.76,0.208,2,MORTGAGE,business,0
22,44404.8,0.2,741.0,11374.01,0.312,0,MORTGAGE,business,0
30,65265.35,5.4,619.0,26619.74,0.436,0,RENT,business,0
36,56941.55,1.6,562.0,17613.96,0.342,3,RENT,debt_consolidation,1
57,74372.9,10.3,764.0,17403.79,0.241,1,MORTGAGE,education,0
35,40958.94,3.3,641.0,19977.66,0.514,2,OWN,debt_consolidation,0
33,48446.76,1.8,668.0,5889.34,0.082,2,RENT,business,0
33,47157.84,3.6,749.0,23312.89,0.479,2,MORTGAGE,education,1
52,25729.7,2.4,567.0,14393.89,0.569,2,MORTGAGE,business,1
65,60922.41,4.2,698.0,20363.84,0.348,0,MORTGAGE,education,0
67,60221.11,0.6,603.0,6425.14,0.123,0,MORTGAGE,home_improvement,0
66,55102.27,29.0,639.0,2569.93,0.04,3,RENT,debt_consolidation,1
28,50308.26,2.8,656.0,21543.12,0.409,1,MORTGAGE,business,0
63,26692.59,2.1,530.0,18011.28,0.833,0,OWN,business,0
38,46587.09,6.2,588.0,7783.59,0.212,1,MORTGAGE,medical,1
56,48145.71,2.3,758.0,8042.7,0.188,2,RENT,home_improvement,0
46,38954.45,9.0,721.0,24003.48,0.605,2,RENT,business,0
30,51774.29,3.0,645.0,5484.7,0.083,2,OWN,debt_consolidation,0
51,63081.02,6.4,669.0,28141.38,0.44,0,RENT,home_improvement,0
53,92723.72,0.6,626.0,7795.03,0.099,0,MORTGAGE,business,0
49,58491.56,9.4,759.0,20107.14,0.25,0,MORTGAGE,debt_consolidation,0
25,60151.01,6.7,634.0,12371.05,0.127,2,MORTGAGE,medical,1
33,53511.08,1.2,669.0,19825.5,0.339,2,MORTGAGE,medical,0
21,16624.58,0.8,742.0,10647.09,0.651,4,OWN,debt_consolidation,1
43,54469.72,1.9,588.0,13697.66,0.24,0,MORTGAGE,home_improvement,0
60,56204.6,18.7,775.0,15327.35,0.347,2,MORTGAGE,debt_consolidation,0
23,104264.84,1.5,,6982.5,-0.007,2,MORTGAGE,debt_consolidation,0
23,51152.78,3.0,780.0,20926.59,0.372,1,OWN,medical,0
27,61030.95,0.2,620.0,10894.29,0.255,1,OWN,medical,1
56,54305.76,2.5,631.0,13171.2,0.249,1,MORTGAGE,medical,0
55,31626.44,4.2,499.0,7045.21,0.267,0,RENT,business,1
35,77856.46,15.3,614.0,1000.0,0.115,0,MORTGAGE,business,0
60,70038.66,3.6,567.0,13471.78,0.158,3,MORTGAGE,education,1
23,70820.64,8.5,601.0,34300.92,0.479,1,OWN,business,1
49,36812.25,4.0,639.0,21276.83,0.564,1,MORTGAGE,home_improvement,1
50,83055.89,0.2,,14845.92,0.081,3,MORTGAGE,home_improvement,0
59,26962.98,1.9,667.0,12896.87,0.463,1,MORTGAGE,medical,0
38,66737.14,,675.0,15179.73,0.272,0,OWN,debt_consolidation,0
31,98809.11,15.0,562.0,19376.95,0.223,0,MORTGAGE,medical,1
63,35189.27,9.8,580.0,5553.5,0.189,2,OWN,debt_consolidation,0
69,43674.05,1.3,794.0,23914.57,0.529,0,RENT,medical,0
58,56993.03,1.2,591.0,20723.05,0.331,2,MORTGAGE,medical,1
60,44930.49,1.1,782.0,20745.49,0.525,0,MORTGAGE,home_improvement,0
21,23986.73,12.8,631.0,18507.81,0.747,4,MORTGAGE,debt_consolidation,1
49,56371.26,9.6,650.0,15156.93,0.284,0,RENT,education,0
30,33753.93,7.5,736.0,20382.89,0.612,1,RENT,education,0
48,64471.85,2.5,752.0,19734.51,0.379,3,MORTGAGE,medical,0
51,36611.52,3.5,641.0,12167.67,0.381,2,RENT,medical,1
39,85998.69,3.1,619.0,10411.19,0.056,1,MORTGAGE,home_improvement,0
23,39334.93,1.5,646.0,15814.85,0.343,0,MORTGAGE,debt_consolidation,1
56,48558.77,3.5,677.0,27392.16,0.593,2,MORTGAGE,medical,0
63,71270.34,0.2,721.0,5087.14,0.068,2,RENT,education,0
35,30382.71,0.7,650.0,3259.8,0.085,1,MORTGAGE,debt_consolidation,1
53,59549.2,10.9,700.0,16318.09,0.325,0,MORTGAGE,medical,0
61,81142.86,7.0,781.0,15407.1,0.199,0,OWN,debt_consolidation,0
63,22850.34,,681.0,16386.73,0.72,0,OWN,home_improvement,1
65,58692.68,3.6,675.0,16951.63,0.328,0,OWN,education,0
46,60197.66,2.3,528.0,13214.38,0.201,0,RENT,debt_consolidation,0
36,70636.46,6.8,440.0,26918.91,0.46,1,MORTGAGE,education,1
56,30260.99,7.7,681.0,2192.77,0.033,1,MORTGAGE,medical,0
53,28590.87,7.2,642.0,8372.02,0.326,1,MORTGAGE,business,0
40,65438.83,6.4,609.0,14173.96,0.288,1,OWN,debt_consolidation,0
33,60939.69,1.1,669.0,1854.49,-0.038,3,MORTGAGE,education,0
53,60009.86,2.1,645.0,13593.16,0.209,2,RENT,debt_consolidation,0
25,61928.96,3.2,740.0,28291.76,0.514,3,MORTGAGE,medical,1
57,41399.51,2.0,657.0,15167.09,0.424,3,OWN,medical,0
34,59645.07,7.0,590.0,16845.61,0.274,3,MORTGAGE,education,0
47,60861.45,2.0,729.0,4918.68,0.044,1,MORTGAGE,home_improvement,0
43,40712.97,0.7,633.0,10069.11,0.295,0,MORTGAGE,debt_consolidation,0
34,92315.49,2.5,692.0,11998.43,0.189,0,MORTGAGE,debt_consolidation,0
60,64476.66,19.5,612.0,12458.28,0.135,1,MORTGAGE,medical,0
24,31173.93,1.3,598.0,25253.15,0.75,2,RENT,debt_consolidation,0
59,68131.07,4.7,657.0,19461.53,0.297,0,MORTGAGE,education,0
39,35506.37,2.8,651.0,6108.34,0.204,5,OWN,business,1
67,70741.69,0.4,688.0,16972.04,0.225,3,RENT,medical,1
24,78171.91,3.3,629.0,18985.77,0.277,3,RENT,business,0
50,38586.35,6.1,503.0,24121.19,0.59,1,MORTGAGE,debt_consolidation,0
39,74267.52,3.6,615.0,27644.33,0.266,0,RENT,home_improvement,0
51,63255.62,10.3,714.0,6879.25,0.088,0,OWN,education,0
51,71441.2,1.7,626.0,8513.14,0.122,1,MORTGAGE,debt_consolidation,0
29,92935.86,0.5,630.0,4939.38,0.039,1,MORTGAGE,education,0
33,50092.24,13.8,729.0,13127.84,0.204,1,MORTGAGE,debt_consolidation,0
34,39925.28,2.4,593.0,18730.87,0.378,0,OWN,debt_consolidation,0
66,37209.71,4.3,527.0,22898.68,0.59,2,RENT,debt_consolidation,1
30,38683.79,7.9,637.0,14392.39,0.417,0,RENT,medical,0
68,53457.97,2.0,611.0,12441.22,0.296,0,RENT,business,0
51,61823.04,6.3,573.0,16214.06,0.322,2,RENT,home_improvement,0
57,60533.82,0.7,636.0,8318.86,0.097,0,MORTGAGE,business,0
43,71543.66,1.7,689.0,31716.31,0.386,1,OWN,business,1
47,55260.04,0.8,649.0,2138.71,0.064,0,RENT,education,0
26,84070.68,8.3,675.0,16477.92,0.228,1,RENT,medical,0
46,49706.86,1.3,795.0,31188.85,0.647,0,OWN,medical,1
22,109403.38,6.3,623.0,15054.4,0.037,2,OWN,debt_consolidation,0
65,67513.35,14.3,672.0,13479.69,0.156,3,RENT,business,0
33,37856.85,3.8,609.0,12140.44,0.319,1,MORTGAGE,home_improvement,0
39,33582.15,3.9,582.0,13556.87,0.428,1,RENT,education,1
21,64649.45,3.1,603.0,25982.79,0.44,0,RENT,medical,0
60,50530.74,2.0,612.0,1000.0,0.027,1,RENT,debt_consolidation,0
52,69280.01,3.2,679.0,27267.47,0.41,2,OWN,home_improvement,0
42,64464.75,4.6,838.0,3608.34,0.06,0,RENT,business,0
68,53543.42,21.3,593.0,12866.78,0.275,0,RENT,home_improvement,0
49,38064.13,13.9,617.0,11566.04,0.32,2,RENT,medical,0
22,24703.06,9.9,645.0,19708.43,0.801,0,OWN,education,0
60,46069.7,11.0,682.0,2215.01,0.035,1,RENT,business,0
58,72127.98,3.2,671.0,18697.38,0.263,2,RENT,education,1
68,59281.87,5.4,753.0,31194.48,0.55,1,OWN,home_improvement,0
31,30085.22,11.3,456.0,4094.61,0.149,1,RENT,home_improvement,1
37,58463.62,2.5,459.0,16517.65,0.302,3,OWN,debt_consolidation,0
63,62706.35,16.3,610.0,9704.14,0.222,1,RENT,business,0
28,37322.85,2.7,738.0,18407.1,0.506,1,RENT,home_improvement,0
42,58074.5,4.6,,15153.18,0.228,2,OWN,medical,0
24,56164.17,6.2,409.0,9868.1,0.22,0,RENT,medical,1
31,32140.59,15.0,696.0,18902.98,0.52,1,RENT,education,0
28,62155.75,1.4,669.0,29434.78,0.419,3,OWN,medical,0
29,66215.69,6.9,563.0,13472.77,0.22,1,MORTGAGE,home_improvement,0
46,76661.02,3.7,571.0,20758.06,0.297,0,MORTGAGE,medical,0
22,76076.04,,572.0,4653.82,-0.001,2,MORTGAGE,business,0
36,27446.61,7.5,659.0,7348.51,0.249,0,MORTGAGE,education,1
51,36243.5,4.0,600.0,18779.25,0.488,3,MORTGAGE,business,1
26,65300.71,5.4,690.0,26872.93,0.387,3,MORTGAGE,home_improvement,1
41,65275.72,1.9,422.0,17844.91,0.321,0,OWN,home_improvement,1
46,65300.95,3.3,581.0,12495.54,0.227,1,RENT,medical,0
39,132054.63,4.8,560.0,14994.33,0.113,0,RENT,debt_consolidation,0
48,66417.81,2.6,629.0,4996.74,0.048,3,MORTGAGE,debt_consolidation,0
28,77711.31,1.1,607.0,19836.12,0.188,2,MORTGAGE,home_improvement,0
34,74080.04,16.3,714.0,22058.66,0.369,1,OWN,home_improvement,0
44,68027.83,3.6,501.0,11383.28,0.197,1,MORTGAGE,education,0
68,48694.62,6.6,654.0,11239.66,0.195,2,OWN,home_improvement,0
64,70179.38,2.6,695.0,17127.03,0.28,4,OWN,home_improvement,1
57,39543.5,2.2,799.0,11506.24,0.287,0,OWN,education,0
46,50263.63,2.6,611.0,14470.94,0.274,0,OWN,business,1
51,45292.73,2.6,676.0,31797.77,0.724,0,RENT,business,1
52,56637.48,3.9,506.0,13023.79,0.193,0,MORTGAGE,education,0
61,101293.17,3.9,459.0,12133.28,0.103,1,MORTGAGE,education,0
22,17654.7,3.4,718.0,9819.67,0.562,0,MORTGAGE,business,0
45,68725.2,0.7,650.0,20953.54,0.28,0,RENT,business,0
64,22745.68,3.4,744.0,13550.21,0.629,2,MORTGAGE,business,0
22,45561.36,0.9,540.0,9805.02,0.309,1,RENT,business,1
62,76779.01,0.7,692.0,25570.43,0.295,2,RENT,medical,0
21,56285.6,13.5,800.0,26356.82,0.385,2,MORTGAGE,education,0
56,33445.1,4.6,684.0,10196.61,0.205,1,RENT,debt_consolidation,0
32,40693.93,5.4,672.0,1000.0,0.017,0,RENT,medical,0
29,68591.95,2.6,651.0,23060.11,0.303,0,RENT,debt_consolidation,0
56,40392.67,12.0,524.0,9522.96,0.246,0,MORTGAGE,debt_consolidation,0
61,59329.17,,758.0,21325.0,0.366,0,RENT,home_improvement,0
48,55911.44,7.3,601.0,1000.0,-0.062,1,OWN,education,0
58,41967.99,2.3,690.0,22140.78,0.437,1,MORTGAGE,medical,0
53,97878.88,16.1,525.0,5310.62,0.069,7,MORTGAGE,education,0
62,67678.38,8.6,556.0,20846.11,0.315,1,MORTGAGE,business,1
66,15000.0,9.6,765.0,15114.18,0.986,1,OWN,education,0
42,58729.09,0.9,622.0,7368.48,0.043,2,RENT,debt_consolidation,0
45,41764.27,1.6,766.0,11743.71,0.305,5,RENT,business,0
38,72048.67,1.7,644.0,20490.55,0.348,0,OWN,education,1
26,39149.59,1.6,503.0,15847.16,0.419,3,MORTGAGE,education,0
38,52705.27,9.7,721.0,19675.3,0.331,0,RENT,debt_consolidation,0
36,65099.75,0.2,603.0,30811.52,0.476,1,RENT,business,0
35,72315.1,0.4,706.0,2486.07,-0.034,0,MORTGAGE,debt_consolidation,0
68,30994.07,1.6,652.0,27937.7,0.954,0,MORTGAGE,education,0
28,48309.98,1.1,527.0,15834.85,0.332,0,MORTGAGE,medical,0
33,45501.09,1.3,663.0,7809.73,0.083,1,MORTGAGE,medical,0
63,41933.42,8.0,826.0,4357.49,0.089,0,MORTGAGE,home_improvement,0
27,90309.08,4.1,689.0,13487.04,0.173,2,MORTGAGE,medical,1
37,63099.63,0.0,645.0,22373.2,0.338,0,OWN,business,0
52,29782.32,2.8,736.0,13979.61,0.456,0,MORTGAGE,home_improvement,0
42,73357.24,2.6,667.0,27089.24,0.308,0,OWN,business,0
33,97443.12,0.6,667.0,3390.59,0.063,0,RENT,medical,0
67,75649.31,5.6,563.0,14903.29,0.165,1,RENT,medical,0
43,24612.6,6.1,669.0,4980.85,0.095,2,MORTGAGE,education,0
49,45315.32,6.4,733.0,17909.06,0.377,2,MORTGAGE,business,0
42,80338.22,6.5,583.0,22095.1,0.324,1,RENT,debt_consolidation,0
21,40846.61,0.0,764.0,11633.91,0.265,0,RENT,education,0
49,63876.39,15.4,643.0,1000.0,0.103,2,MORTGAGE,business,0
68,70492.68,8.4,579.0,16591.59,0.257,2,MORTGAGE,home_improvement,0
25,36461.39,11.7,730.0,18493.91,0.524,4,RENT,business,0
55,53809.49,0.1,627.0,18234.36,0.332,1,RENT,home_improvement,1
30,15000.0,13.6,711.0,24886.26,1.656,0,MORTGAGE,home_improvement,1
39,34512.25,8.3,627.0,6431.57,0.173,1,RENT,medical,0
57,49948.64,9.1,,20441.73,0.394,1,MORTGAGE,debt_consolidation,1
27,30044.34,0.5,689.0,24540.06,0.843,1,RENT,business,0
66,87648.23,6.7,673.0,1000.0,-0.035,1,RENT,debt_consolidation,0
55,26397.17,16.1,490.0,17557.21,0.611,1,RENT,home_improvement,1
65,46199.11,5.7,560.0,10966.56,0.181,1,RENT,medical,0
33,57614.81,4.2,724.0,14347.82,0.351,0,RENT,debt_consolidation,0
30,83825.47,14.6,639.0,17781.41,0.239,0,RENT,education,0
22,26282.76,2.9,608.0,11102.17,0.438,3,MORTGAGE,home_improvement,1
26,78263.28,4.6,541.0,9594.34,0.07,2,RENT,education,0
28,55204.66,,564.0,15273.22,0.308,1,MORTGAGE,debt_consolidation,0
56,35369.83,13.5,488.0,6302.03,0.172,0,RENT,debt_consolidation,0
45,64242.07,0.4,642.0,6313.4,0.109,0,MORTGAGE,debt_consolidation,0
64,58981.19,3.5,602.0,20434.99,0.298,0,RENT,business,0
67,42995.66,5.8,573.0,5809.65,0.143,1,RENT,home_improvement,0
60,56396.04,7.8,645.0,20330.5,0.339,0,OWN,home_improvement,0
27,47293.73,4.4,679.0,18700.73,0.357,1,OWN,home_improvement,1
66,57270.35,12.0,817.0,1193.55,0.058,0,MORTGAGE,business,0
43,68242.61,14.2,529.0,9579.48,0.063,1,MORTGAGE,debt_consolidation,0
39,86720.34,0.3,743.0,24552.88,0.311,1,MORTGAGE,debt_consolidation,0
66,30243.69,2.6,728.0,7150.68,0.271,2,OWN,education,0
42,97660.67,0.1,588.0,11284.77,0.072,3,MORTGAGE,business,1
33,15958.24,2.0,666.0,18696.49,1.131,4,OWN,medical,1
41,51964.3,3.8,613.0,21267.12,0.398,3,MORTGAGE,business,1
21,66766.34,12.1,665.0,12987.69,0.209,1,MORTGAGE,education,0
39,60619.84,9.4,771.0,10219.92,0.161,1,RENT,education,0
53,42546.01,0.7,698.0,26378.96,0.642,2,RENT,education,1
24,50837.55,0.5,691.0,28911.2,0.657,2,OWN,debt_consolidation,0
62,45139.98,4.4,616.0,22830.86,0.48,1,MORTGAGE,medical,0
23,43212.7,3.8,531.0,15682.55,0.277,0,OWN,education,1
47,71992.04,1.5,633.0,8533.87,0.16,2,MORTGAGE,home_improvement,0
61,62140.31,11.5,747.0,8356.44,0.219,0,RENT,debt_consolidation,0
55,41141.81,13.1,528.0,19180.11,0.486,2,RENT,medical,0
48,72992.0,2.6,566.0,18347.19,0.197,0,RENT,home_improvement,0
26,61145.99,11.1,660.0,26212.79,0.422,2,OWN,medical,0
26,71257.24,2.4,571.0,20203.6,0.228,2,MORTGAGE,medical,0
64,67592.58,6.7,587.0,2975.36,0.076,3,RENT,home_improvement,0
43,38420.1,3.2,616.0,23415.58,0.542,3,OWN,business,1
53,43796.38,0.7,541.0,7015.51,0.145,1,RENT,medical,1
36,69945.87,13.2,572.0,11928.23,0.12,0,RENT,business,0
44,67207.41,3.0,706.0,17001.6,0.259,1,MORTGAGE,medical,0
25,54581.97,6.6,545.0,30965.34,0.549,1,RENT,home_improvement,0
61,57346.55,2.3,522.0,39879.35,0.704,2,MORTGAGE,medical,1
62,80553.3,0.1,600.0,19853.78,0.248,1,MORTGAGE,education,0
33,43168.57,0.5,709.0,13534.43,0.264,1,MORTGAGE,education,1
67,65941.95,3.4,634.0,19276.05,0.324,0,RENT,medical,0
32,50956.15,5.9,613.0,22101.24,0.431,1,OWN,home_improvement,0
25,50646.38,2.0,654.0,12434.66,0.196,1,MORTGAGE,home_improvement,0
57,76975.54,5.9,510.0,29361.69,0.493,1,MORTGAGE,debt_consolidation,1
51,71508.33,6.0,690.0,16840.57,0.259,3,MORTGAGE,home_improvement,0
48,71270.19,6.1,681.0,18981.94,0.259,1,RENT,business,0
48,81109.58,,617.0,20327.39,0.321,0,RENT,medical,1
50,55420.08,12.3,730.0,18372.69,0.424,1,OWN,education,0
38,68639.06,3.4,560.0,21711.52,0.309,2,MORTGAGE,home_improvement,0
64,48794.66,3.0,740.0,10061.97,0.224,1,RENT,education,0
47,61483.33,1.1,662.0,10533.59,0.122,2,RENT,debt_consolidation,0
55,52397.14,1.8,623.0,6198.77,0.111,2,MORTGAGE,medical,0
46,56939.92,0.2,648.0,18516.01,0.315,2,RENT,home_improvement,0
59,66903.14,5.0,641.0,21231.49,0.327,0,RENT,education,1
69,38635.59,1.4,748.0,18662.18,0.5,0,RENT,home_improvement,0
38,96847.75,1.8,564.0,28395.94,0.321,0,RENT,debt_consolidation,0
53,34879.65,7.4,589.0,14955.23,0.441,2,OWN,education,1
45,30716.23,2.0,733.0,20349.93,0.602,0,RENT,education,1
51,78162.22,1.4,602.0,6266.39,0.033,4,RENT,medical,0
57,70833.25,0.9,722.0,11903.2,0.141,0,RENT,medical,1
22,67482.4,7.5,786.0,20564.3,0.291,0,RENT,education,1
53,67566.91,0.7,618.0,21792.82,0.375,0,MORTGAGE,medical,1
59,54755.06,3.0,705.0,12648.26,0.173,1,RENT,education,1
63,37054.91,3.5,558.0,14427.21,0.371,1,OWN,business,1
63,56516.09,5.8,710.0,2857.01,0.098,1,RENT,home_improvement,0
52,41456.77,5.0,,12143.77,0.278,0,RENT,business,0
38,74502.39,8.3,688.0,22123.07,0.32,1,RENT,business,0
37,52058.85,0.2,598.0,19601.64,0.37,0,RENT,home_improvement,0
54,38490.06,1.8,517.0,19005.33,0.507,4,MORTGAGE,education,1
59,48572.28,1.6,690.0,15398.19,0.306,1,OWN,education,0
27,63258.63,0.8,485.0,15056.51,0.271,0,MORTGAGE,medical,0
62,43725.51,1.7,625.0,9717.43,0.145,0,RENT,debt_consolidation,1
55,38555.59,1.9,725.0,20590.63,0.516,1,RENT,education,1
50,59873.74,3.7,665.0,18367.78,0.322,1,RENT,home_improvement,0
32,59899.33,5.4,806.0,18936.15,0.343,1,MORTGAGE,debt_consolidation,0
55,44861.14,2.4,732.0,10791.72,0.315,1,RENT,home_improvement,0
31,45579.23,6.4,598.0,1000.0,0.002,1,OWN,home_improvement,0
64,59641.0,2.0,652.0,23777.22,0.473,0,RENT,home_improvement,1
24,26038.31,1.7,646.0,11169.3,0.396,2,RENT,debt_consolidation,1
45,26850.72,3.9,523.0,8097.79,0.368,0,MORTGAGE,business,1
68,40631.12,0.1,575.0,20547.83,0.547,0,OWN,home_improvement,1
52,50731.06,0.4,605.0,11863.9,0.188,3,MORTGAGE,medical,0
40,61218.15,2.7,487.0,23479.49,0.399,4,MORTGAGE,education,0
51,84507.12,14.3,654.0,19936.05,0.233,3,OWN,education,0
24,72153.19,6.4,630.0,20468.55,0.315,0,RENT,education,0
58,51801.23,0.5,516.0,4072.35,0.067,1,OWN,debt_consolidation,0
67,54619.68,9.4,,24695.55,0.437,2,RENT,medical,0
21,34949.41,,707.0,17090.0,0.557,0,OWN,medical,0
23,54629.74,4.7,668.0,12045.78,0.216,0,OWN,medical,0
57,49226.83,8.6,624.0,16147.11,0.369,0,MORTGAGE,medical,0
42,61454.37,2.6,697.0,1000.0,0.005,3,MORTGAGE,medical,1
37,38455.38,1.3,704.0,18269.22,0.558,1,MORTGAGE,business,0
34,65386.93,3.6,,6765.03,0.07,1,RENT,medical,1
61,85654.78,4.0,584.0,4178.64,0.018,0,RENT,medical,0
55,52824.8,3.9,672.0,2821.13,0.13,0,RENT,debt_consolidation,0
33,63034.23,4.2,746.0,23901.51,0.357,0,MORTGAGE,debt_consolidation,1
55,68802.88,14.9,602.0,9965.89,0.225,0,MORTGAGE,medical,0
63,46975.59,11.6,818.0,27269.82,0.625,1,RENT,business,0
22,59481.85,10.4,608.0,10713.59,0.172,4,RENT,medical,0
67,55251.85,8.1,653.0,1341.14,-0.066,1,OWN,medical,0
33,56953.52,14.4,596.0,6067.8,0.106,3,MORTGAGE,medical,1
36,39539.8,0.5,668.0,24886.49,0.634,1,OWN,home_improvement,1
38,55490.2,1.5,511.0,13752.81,0.306,0,RENT,business,0
27,64959.97,3.4,606.0,10613.7,0.243,3,MORTGAGE,education,0
65,84022.87,9.4,563.0,16280.15,0.16,3,MORTGAGE,medical,0
56,74185.42,3.5,661.0,19014.26,0.296,1,RENT,education,0
61,98063.65,,730.0,23939.19,0.282,1,MORTGAGE,business,0
50,39653.05,0.7,702.0,26587.99,0.724,0,OWN,medical,1
62,72446.41,1.5,460.0,12121.85,0.192,2,RENT,education,1
61,58666.84,6.6,813.0,4391.62,-0.022,2,OWN,education,0
27,98796.06,0.9,674.0,11692.28,0.111,1,MORTGAGE,business,0
35,38834.03,2.2,588.0,17082.24,0.382,1,MORTGAGE,medical,0
60,38205.56,1.5,663.0,7289.93,0.181,1,RENT,home_improvement,0
39,43012.15,2.2,664.0,7342.79,0.22,0,MORTGAGE,business,0
63,15000.0,6.2,597.0,17750.3,1.199,1,RENT,home_improvement,1
57,44484.9,2.3,666.0,14610.78,0.386,0,MORTGAGE,medical,0
22,39817.35,4.1,601.0,15262.38,0.4,0,OWN,education,0
62,58007.88,0.5,618.0,8932.04,0.089,2,RENT,business,1
68,61835.12,8.2,595.0,13156.79,0.087,3,RENT,business,0
33,92523.42,2.3,535.0,7606.13,0.09,2,MORTGAGE,business,0
60,74008.48,5.2,662.0,22121.59,0.288,2,OWN,debt_consolidation,0
61,43461.93,6.5,697.0,23281.99,0.487,1,MORTGAGE,medical,0
63,37031.71,1.2,691.0,1000.0,-0.058,0,OWN,debt_consolidation,0
63,64838.38,10.8,716.0,7563.91,0.08,0,MORTGAGE,business,0
51,28595.34,4.8,676.0,3027.77,0.096,3,OWN,business,1
36,91629.18,2.8,607.0,9799.81,0.14,2,RENT,home_improvement,0
62,78588.8,1.0,717.0,14332.5,0.192,1,RENT,debt_consolidation,0
64,45616.49,14.3,541.0,3402.84,0.155,0,MORTGAGE,education,0
26,20737.31,7.0,578.0,7625.12,0.316,2,OWN,medical,1
48,82077.45,1.2,573.0,6968.34,0.129,0,RENT,education,0
52,52709.2,2.1,736.0,16658.14,0.318,0,MORTGAGE,education,0
64,79756.33,8.3,725.0,15554.75,0.23,0,MORTGAGE,medical,0
30,23111.45,5.9,689.0,9226.1,0.377,0,RENT,business,1
38,43012.5,7.3,736.0,16414.57,0.435,1,MORTGAGE,home_improvement,0
24,55104.87,2.9,580.0,10626.56,0.208,2,MORTGAGE,business,0
29,55939.61,6.3,678.0,12826.76,0.195,0,RENT,business,0
27,45998.69,2.4,640.0,28387.62,0.617,0,RENT,debt_consolidation,0
28,67457.0,1.2,718.0,25723.69,0.369,1,MORTGAGE,education,1
63,33647.59,5.0,641.0,4603.35,0.161,0,MORTGAGE,education,0
27,52152.41,18.7,619.0,21637.86,0.356,0,RENT,education,0
61,57405.91,1.9,693.0,21491.17,0.373,4,RENT,home_improvement,0
60,65288.78,3.1,720.0,5813.89,0.109,1,RENT,home_improvement,0
23,69232.3,5.6,597.0,21550.22,0.313,0,OWN,home_improvement,0
37,32507.16,3.9,645.0,27303.46,0.907,0,RENT,medical,0
22,24317.72,9.3,565.0,6019.64,0.286,0,RENT,home_improvement,1
35,80553.54,7.2,450.0,7659.98,0.095,0,MORTGAGE,debt_consolidation,0
66,61646.28,0.3,666.0,23141.29,0.386,0,MORTGAGE,debt_consolidation,1
49,40030.27,32.3,699.0,17171.96,0.444,1,OWN,business,0
68,86023.04,7.0,671.0,19411.81,0.246,2,RENT,business,0
42,57313.49,10.0,494.0,17724.71,0.218,1,OWN,business,1
24,78585.94,5.3,622.0,18125.57,0.216,0,RENT,business,0
26,56350.37,9.7,473.0,4388.22,0.004,0,MORTGAGE,debt_consolidation,0
58,96214.96,0.6,760.0,23378.54,0.307,2,MORTGAGE,business,0
46,90106.82,2.1,563.0,24356.72,0.267,0,RENT,debt_consolidation,0
31,50020.72,10.5,750.0,13164.87,0.254,1,RENT,home_improvement,0
46,74431.42,1.1,726.0,14652.18,0.242,1,OWN,home_improvement,0
37,67907.52,0.4,578.0,2751.14,0.062,1,OWN,medical,0
44,82372.63,7.8,559.0,19114.04,0.176,1,OWN,business,1
48,35701.53,9.0,678.0,19576.46,0.545,2,MORTGAGE,home_improvement,0
55,68721.03,0.9,582.0,14502.47,0.194,6,MORTGAGE,home_improvement,0
51,76168.49,9.6,658.0,23994.83,0.228,4,OWN,education,0
33,19825.21,5.8,611.0,12327.38,0.587,3,MORTGAGE,education,0
55,31334.83,3.7,508.0,19516.85,0.614,4,MORTGAGE,debt_consolidation,1
36,15000.0,8.9,472.0,6842.69,0.45,0,MORTGAGE,medical,1
35,49611.86,2.7,668.0,14811.58,0.224,2,MORTGAGE,education,0
63,69350.85,1.1,605.0,13605.17,0.254,0,RENT,medical,0
38,85047.14,1.7,606.0,16802.46,0.192,4,RENT,home_improvement,0
67,56481.9,3.5,706.0,12043.78,0.215,1,MORTGAGE,debt_consolidation,0
57,87572.31,3.8,744.0,13948.22,0.179,1,MORTGAGE,medical,0
68,27397.97,8.2,628.0,21608.38,0.749,2,MORTGAGE,education,0
68,20932.35,7.8,623.0,11505.89,0.572,1,RENT,home_improvement,0
69,53889.05,4.4,690.0,2147.38,0.021,1,OWN,business,0
61,62681.31,7.6,541.0,28996.67,0.418,0,RENT,home_improvement,1
47,54346.11,1.1,668.0,26051.63,0.508,1,OWN,education,1
55,15000.0,0.3,694.0,4661.9,0.385,2,RENT,education,1
65,53217.6,,704.0,20517.66,0.422,0,RENT,business,1
55,28910.61,0.4,495.0,10976.2,0.426,2,RENT,home_improvement,0
48,68393.45,1.4,589.0,17107.9,0.224,2,OWN,medical,0
59,62331.96,5.9,580.0,17353.79,0.199,0,RENT,medical,0
58,36202.4,2.6,658.0,13124.74,0.437,2,RENT,home_improvement,1
29,44722.66,10.5,688.0,8729.87,0.298,2,RENT,medical,0
32,33815.73,1.8,770.0,9475.67,0.357,3,RENT,home_improvement,0
35,53746.42,0.1,610.0,7670.46,0.126,1,MORTGAGE,home_improvement,0
41,74102.85,1.8,610.0,8345.42,0.055,1,RENT,education,0
55,35285.48,4.3,742.0,14462.57,0.357,1,RENT,debt_consolidation,0
62,65080.93,2.4,674.0,9273.92,0.058,2,MORTGAGE,education,0
53,44394.85,3.8,751.0,20456.42,0.455,2,OWN,medical,0
39,39142.54,10.5,673.0,26897.97,0.767,2,MORTGAGE,debt_consolidation,1
43,52859.39,12.2,557.0,10359.57,0.189,1,OWN,home_improvement,0
33,34295.15,1.5,543.0,16915.24,0.508,1,MORTGAGE,medical,0
64,43927.01,3.1,526.0,18997.48,0.501,1,RENT,business,0
21,31042.44,4.0,703.0,18776.02,0.585,2,MORTGAGE,medical,1
49,94294.5,14.9,745.0,15607.64,0.267,3,MORTGAGE,debt_consolidation,0
44,55705.27,32.9,798.0,20941.46,0.476,2,OWN,debt_consolidation,0
36,41005.49,1.3,717.0,18857.99,0.453,1,MORTGAGE,home_improvement,0
45,59279.6,6.5,743.0,5098.7,0.057,0,OWN,business,0
43,52753.44,2.4,604.0,21953.25,0.451,4,RENT,home_improvement,0
48,50580.61,0.0,557.0,22098.33,0.42,0,RENT,business,1
67,67283.33,0.0,718.0,8893.71,0.074,2,MORTGAGE,business,0
36,70150.15,3.1,683.0,15303.5,0.282,2,OWN,home_improvement,0
63,44389.98,3.4,659.0,20466.63,0.522,2,RENT,medical,0
58,43483.64,0.1,681.0,13325.49,0.314,2,MORTGAGE,education,1
31,49498.97,5.8,676.0,23583.82,0.413,2,OWN,business,0
23,15000.0,1.7,753.0,33910.98,2.199,0,RENT,debt_consolidation,1
35,24696.18,4.1,754.0,8712.11,0.358,0,MORTGAGE,home_improvement,0
21,82337.49,1.8,694.0,3951.64,0.023,1,MORTGAGE,medical,0
27,87899.35,0.9,718.0,17430.55,0.181,1,RENT,business,0
21,50019.28,2.6,691.0,20772.5,0.466,1,MORTGAGE,medical,0
69,66531.14,1.3,613.0,13153.07,0.234,1,RENT,home_improvement,0
52,61225.0,3.8,711.0,26626.09,0.504,1,OWN,debt_consolidation,0
29,116577.62,1.1,538.0,4291.15,-0.013,1,RENT,business,0
49,77391.5,3.6,734.0,20543.35,0.248,0,OWN,business,0
46,52441.65,0.9,554.0,10153.11,0.232,1,RENT,medical,0
43,35889.19,5.6,673.0,28755.02,0.824,2,RENT,home_improvement,0
65,22871.07,7.0,582.0,30940.12,1.429,3,MORTGAGE,education,1
63,59069.27,0.6,694.0,8866.75,0.171,1,RENT,business,0
49,39872.99,3.2,647.0,10603.54,0.358,2,MORTGAGE,debt_consolidation,0
58,26554.93,,522.0,21876.7,0.851,4,OWN,business,1
53,42068.54,4.6,684.0,11902.95,0.336,0,MORTGAGE,business,0
27,33369.04,1.5,604.0,14636.71,0.422,1,OWN,education,1
32,88742.83,3.7,720.0,15203.11,0.172,1,RENT,education,1
51,72632.8,3.6,650.0,1000.0,0.059,4,RENT,home_improvement,0
52,54840.55,12.9,682.0,14889.3,0.352,0,MORTGAGE,business,0
40,84598.88,4.0,573.0,9482.18,0.149,1,MORTGAGE,business,1
37,56547.37,4.4,603.0,11055.02,0.191,1,RENT,medical,1
56,37774.32,2.6,613.0,26549.06,0.772,2,OWN,medical,1
23,85462.48,14.9,719.0,4947.94,-0.052,1,OWN,debt_consolidation,0
21,65778.2,7.5,784.0,21505.64,0.256,2,MORTGAGE,debt_consolidation,0
47,34255.08,1.7,586.0,12768.3,0.407,1,MORTGAGE,medical,1
67,51193.23,9.3,736.0,12761.92,0.25,1,MORTGAGE,debt_consolidation,0
60,37487.63,2.8,476.0,21322.98,0.599,1,MORTGAGE,business,0
53,27344.01,8.8,554.0,17720.41,0.651,0,MORTGAGE,education,1
40,73523.55,8.7,573.0,19564.9,0.295,0,RENT,business,1
34,93188.33,1.0,542.0,22745.48,0.203,1,MORTGAGE,medical,1
56,27028.65,6.0,523.0,12349.53,0.485,2,MORTGAGE,home_improvement,1
25,66259.38,1.7,683.0,10102.11,0.202,1,MORTGAGE,home_improvement,0
43,41987.15,1.8,633.0,6318.8,0.212,0,OWN,medical,1
65,45257.49,1.8,680.0,8396.72,0.286,2,RENT,business,0
35,43152.12,6.5,705.0,38592.76,0.907,1,OWN,debt_consolidation,1
26,37720.18,1.3,671.0,24957.44,0.675,2,MORTGAGE,debt_consolidation,1
53,55970.43,0.0,703.0,4191.41,-0.001,1,RENT,home_improvement,1
39,38381.0,6.3,644.0,4420.34,0.089,2,RENT,medical,0
33,60409.14,0.9,,18854.93,0.302,0,OWN,medical,0
49,53995.24,0.6,735.0,19378.12,0.411,3,RENT,education,0
26,50221.04,1.4,603.0,19391.07,0.356,0,RENT,home_improvement,0
35,36848.73,2.4,575.0,12960.35,0.392,3,RENT,medical,1
36,43464.57,3.2,636.0,13996.37,0.322,2,MORTGAGE,education,0
44,70107.82,0.2,577.0,17623.04,0.243,0,MORTGAGE,debt_consolidation,1
43,65018.34,17.6,617.0,15687.14,0.254,0,RENT,home_improvement,0
68,35448.9,6.3,678.0,1000.0,0.009,1,MORTGAGE,home_improvement,0
30,56986.65,2.0,678.0,13161.6,0.21,1,MORTGAGE,medical,0
61,70027.74,1.9,578.0,8188.75,0.032,1,RENT,medical,0
61,21611.89,3.0,611.0,16401.69,0.747,1,RENT,business,0
69,65867.2,4.9,736.0,38882.07,0.566,1,OWN,debt_consolidation,0
37,41747.52,0.8,690.0,17939.85,0.404,4,OWN,debt_consolidation,0
69,66411.97,1.0,816.0,12491.76,0.209,5,MORTGAGE,education,1
64,39734.82,9.8,744.0,22374.41,0.596,0,OWN,education,0
65,18902.36,1.5,742.0,18861.5,1.009,0,RENT,business,1
50,22449.15,2.4,539.0,18360.76,0.868,0,MORTGAGE,debt_consolidation,1
64,55961.7,10.3,711.0,19854.8,0.384,4,RENT,education,0
66,60194.45,5.4,646.0,31452.35,0.508,1,MORTGAGE,debt_consolidation,1
30,36913.67,2.1,606.0,5952.89,0.138,3,RENT,debt_consolidation,1
39,67771.85,5.8,663.0,18789.06,0.293,1,RENT,education,0
49,21769.6,0.1,726.0,7588.95,0.377,1,OWN,medical,0
22,53678.4,6.7,690.0,19444.1,0.432,2,RENT,medical,1
56,30779.68,3.3,580.0,7650.51,0.308,2,OWN,education,0
39,41963.28,8.4,709.0,11661.07,0.251,1,RENT,business,0
27,55947.97,15.5,599.0,12639.28,0.221,0,OWN,home_improvement,0
46,37791.73,13.0,667.0,22806.53,0.637,1,MORTGAGE,debt_consolidation,0
35,47308.89,12.0,626.0,22347.64,0.526,2,RENT,home_improvement,1
67,75125.86,3.6,632.0,5034.26,0.114,2,MORTGAGE,education,0
58,43462.16,2.2,711.0,15439.47,0.352,0,RENT,debt_consolidation,1
23,71713.84,3.1,567.0,9323.36,0.067,1,RENT,home_improvement,0
58,32405.86,5.9,806.0,4931.96,0.102,2,MORTGAGE,medical,0
36,65596.08,10.8,504.0,13263.86,0.216,3,OWN,business,0
22,83831.37,1.2,602.0,12532.14,0.167,3,OWN,home_improvement,1
51,15000.0,12.5,680.0,34413.73,2.239,0,RENT,business,1
48,39062.09,8.4,697.0,18463.68,0.475,1,MORTGAGE,medical,0
27,66541.44,19.3,642.0,3979.06,0.091,2,OWN,home_improvement,0
50,50939.09,10.6,645.0,10481.81,0.148,2,RENT,education,0
63,62422.92,1.6,683.0,23171.07,0.426,3,RENT,debt_consolidation,1
27,42920.3,0.6,632.0,31707.54,0.72,1,MORTGAGE,medical,0
56,56731.8,0.6,761.0,2312.13,0.104,1,OWN,business,0
49,51886.46,1.7,717.0,1000.0,-0.007,2,RENT,business,0
44,78355.64,4.8,720.0,29967.72,0.331,2,RENT,medical,0
59,60088.42,8.2,573.0,18116.91,0.279,1,RENT,education,0
24,61752.05,11.5,644.0,8053.66,0.126,0,OWN,education,0
49,46762.46,,626.0,19277.03,0.393,0,MORTGAGE,business,0
64,45247.88,0.0,570.0,1000.0,0.011,2,OWN,medical,0
25,46348.84,1.0,679.0,15027.0,0.341,1,OWN,medical,0
49,62889.04,0.5,607.0,17622.57,0.272,1,MORTGAGE,debt_consolidation,0
50,46580.31,2.3,702.0,22394.16,0.477,1,OWN,business,0
49,60795.5,3.5,564.0,6888.83,0.028,1,OWN,education,0
46,96508.02,0.2,788.0,15685.5,0.182,2,RENT,home_improvement,0
39,72422.49,2.1,578.0,7596.6,0.1,0,OWN,education,0
46,48479.53,1.0,668.0,17043.07,0.432,2,OWN,education,1
57,79024.28,5.2,713.0,7837.23,0.052,1,RENT,home_improvement,0
47,46838.49,3.1,604.0,11735.19,0.16,1,MORTGAGE,business,0
50,15000.0,3.4,718.0,7033.48,0.5,2,MORTGAGE,debt_consolidation,1
50,34838.27,2.8,552.0,20209.09,0.597,2,MORTGAGE,education,1
23,17584.16,15.6,766.0,21867.61,1.193,1,OWN,education,1
63,47969.73,,651.0,13123.04,0.197,1,OWN,business,0
27,55368.37,3.6,602.0,15305.9,0.353,0,RENT,business,0
69,88528.75,6.7,626.0,3411.27,0.109,1,RENT,medical,0
29,61538.55,4.1,715.0,12602.59,0.08,1,MORTGAGE,business,0
61,50617.99,13.2,603.0,14598.36,0.265,1,OWN,business,0
62,71588.11,2.4,590.0,35966.34,0.586,2,MORTGAGE,education,1
33,15000.0,3.1,632.0,6104.26,0.383,1,RENT,debt_consolidation,1
35,59712.29,0.5,556.0,26713.42,0.423,0,OWN,education,1
25,70417.3,4.7,796.0,22974.87,0.312,1,OWN,business,0
49,25428.28,1.7,605.0,17245.09,0.622,3,OWN,medical,0
55,77875.08,0.9,717.0,29068.96,0.288,3,MORTGAGE,debt_consolidation,1
47,61769.93,3.9,667.0,17976.84,0.344,0,MORTGAGE,medical,0
47,46694.24,3.8,571.0,18113.27,0.296,2,RENT,home_improvement,1
28,67655.64,0.4,650.0,14575.03,0.228,0,RENT,medical,0
52,100413.86,6.0,713.0,24788.55,0.291,2,RENT,medical,0
40,58637.33,4.9,635.0,23771.75,0.333,3,MORTGAGE,business,0
30,59964.41,1.0,745.0,9994.58,0.12,0,RENT,business,0
33,45812.78,3.2,732.0,4446.02,0.158,1,MORTGAGE,business,0
49,38003.11,6.4,724.0,13376.15,0.379,1,OWN,business,0
55,71606.72,3.8,613.0,8599.69,0.089,1,OWN,business,0
28,37878.32,2.5,564.0,14491.8,0.443,0,MORTGAGE,medical,1
49,56431.32,1.9,601.0,24899.51,0.502,1,OWN,home_improvement,0
51,45446.85,4.7,666.0,11341.59,0.263,2,OWN,business,0
61,64579.6,14.0,694.0,14657.41,0.182,2,RENT,home_improvement,0
50,61673.24,5.6,476.0,15464.18,0.23,2,OWN,home_improvement,0
42,75750.8,0.4,649.0,21787.45,0.302,2,OWN,education,0
41,44799.67,3.1,663.0,1000.0,0.013,2,OWN,education,0
32,49602.5,11.1,628.0,10146.4,0.252,0,MORTGAGE,debt_consolidation,1
31,35424.73,0.5,753.0,16690.27,0.395,3,MORTGAGE,education,0
22,46114.13,22.5,684.0,24600.63,0.459,2,MORTGAGE,business,0
61,62546.01,14.9,755.0,11064.78,0.186,0,RENT,home_improvement,0
22,70139.77,0.4,633.0,1000.0,-0.01,5,MORTGAGE,debt_consolidation,0
54,36556.69,13.5,725.0,19957.69,0.515,2,RENT,education,1
23,72392.12,2.3,781.0,9917.1,0.049,1,RENT,medical,0
36,82112.76,9.3,755.0,5482.67,0.068,2,RENT,debt_consolidation,0
24,63268.7,2.7,563.0,10005.24,0.156,2,RENT,business,0
43,92535.92,2.9,630.0,13523.8,0.179,1,RENT,home_improvement,0
40,39524.22,5.0,622.0,10162.04,0.261,0,OWN,business,0
45,30106.91,7.4,689.0,1000.0,0.027,1,MORTGAGE,business,0
50,19425.6,0.2,705.0,22176.53,1.2,3,RENT,medical,1
38,84920.89,4.5,583.0,25199.0,0.231,0,MORTGAGE,medical,0
62,68087.31,1.0,655.0,20212.18,0.324,1,RENT,home_improvement,0
31,53888.31,2.1,488.0,5898.51,0.026,3,RENT,education,0
49,60599.37,2.1,765.0,13388.07,0.179,1,OWN,business,0
37,32490.22,3.2,609.0,14947.83,0.399,0,MORTGAGE,education,0
46,103915.04,2.0,654.0,19790.36,0.23,1,RENT,home_improvement,0
43,57584.42,0.6,625.0,20346.72,0.35,1,RENT,business,0
68,57187.9,0.8,742.0,9126.61,0.159,0,OWN,education,0
40,69515.33,,423.0,15655.96,0.17,1,RENT,business,1
65,64620.18,3.2,649.0,18658.24,0.274,0,MORTGAGE,medical,0
22,59477.68,15.4,642.0,26646.58,0.41,1,OWN,medical,1
44,39190.51,0.6,614.0,20636.05,0.546,1,RENT,debt_consolidation,1
51,64429.37,14.6,788.0,21312.45,0.281,2,MORTGAGE,home_improvement,1
47,92640.49,6.6,579.0,15670.61,0.236,2,RENT,education,1
22,81908.4,5.1,712.0,26283.67,0.237,2,MORTGAGE,business,0
34,86863.73,5.2,679.0,18278.1,0.17,1,MORTGAGE,debt_consolidation,0
24,44775.69,8.8,751.0,8111.3,0.265,1,MORTGAGE,home_improvement,0
69,35207.9,0.6,597.0,26226.96,0.723,1,OWN,home_improvement,1
33,52484.26,3.5,591.0,20583.23,0.326,1,OWN,home_improvement,0
56,56114.5,6.0,738.0,11455.65,0.215,3,RENT,education,0
55,76883.83,4.4,684.0,11164.06,0.121,2,MORTGAGE,medical,0
64,21150.71,8.9,526.0,17372.6,0.78,3,OWN,debt_consolidation,1
28,85591.01,0.4,607.0,18705.48,0.164,2,OWN,education,0
22,51839.84,5.9,681.0,16578.34,0.458,3,MORTGAGE,business,0
26,46462.38,3.8,717.0,17490.47,0.364,1,RENT,education,0
51,34757.91,2.4,596.0,28599.66,0.727,2,MORTGAGE,business,1
30,21902.87,2.1,417.0,23572.35,1.151,1,MORTGAGE,business,1
64,71463.41,4.8,692.0,16525.08,0.262,0,OWN,home_improvement,0
41,56466.36,11.1,552.0,22530.48,0.361,1,OWN,education,0
62,29200.78,3.4,489.0,6739.81,0.184,1,RENT,medical,0
30,29098.42,8.7,423.0,18183.42,0.659,3,MORTGAGE,business,1
43,48284.31,2.6,715.0,29474.45,0.598,2,RENT,home_improvement,1
23,88380.43,0.5,660.0,13255.63,0.054,1,OWN,medical,1
52,49808.17,0.3,632.0,8218.93,0.254,1,MORTGAGE,education,0
40,24937.14,0.3,761.0,9783.29,0.371,2,MORTGAGE,medical,0
30,50085.14,2.4,701.0,6282.94,0.2,0,MORTGAGE,education,0
49,49545.53,2.1,779.0,8721.9,0.24,3,OWN,business,0
61,15000.0,6.3,539.0,12035.94,0.752,0,RENT,debt_consolidation,0
66,53914.1,6.8,647.0,3755.46,0.121,1,RENT,debt_consolidation,0
54,50381.31,0.3,521.0,15124.95,0.268,0,RENT,business,0
57,68924.13,1.2,632.0,22218.22,0.229,1,MORTGAGE,medical,0
40,91979.12,1.6,630.0,7737.95,0.063,0,MORTGAGE,education,0
28,77531.3,4.0,700.0,27154.27,0.37,1,MORTGAGE,debt_consolidation,0
27,49622.23,0.8,654.0,19086.34,0.361,0,MORTGAGE,education,0
26,32869.48,0.7,700.0,23244.64,0.692,0,OWN,business,1
31,106467.2,14.4,706.0,9737.32,0.149,0,RENT,medical,0
64,56184.37,8.2,822.0,21836.2,0.394,2,RENT,education,0
38,55278.59,1.0,625.0,6264.53,0.071,1,RENT,medical,0
62,54517.5,2.6,575.0,22121.98,0.441,0,MORTGAGE,debt_consolidation,1
49,58961.7,2.2,670.0,16374.71,0.288,0,RENT,education,0
45,52112.79,7.8,586.0,19426.01,0.247,2,MORTGAGE,home_improvement,0
41,43526.76,3.6,769.0,5595.24,0.15,1,MORTGAGE,debt_consolidation,0
66,44062.82,0.7,627.0,7839.44,0.198,1,OWN,medical,0
23,54344.93,6.7,605.0,19777.83,0.365,2,RENT,business,0
38,44131.5,2.5,612.0,7413.22,0.213,3,RENT,home_improvement,0
44,40743.08,1.5,707.0,18705.65,0.425,0,RENT,education,1
67,57128.6,2.4,637.0,4062.9,0.088,2,MORTGAGE,debt_consolidation,0
58,49900.46,3.4,599.0,21785.39,0.358,1,RENT,education,0
30,85079.86,2.1,783.0,5139.81,0.081,1,MORTGAGE,education,0
47,15000.0,1.4,582.0,19418.4,1.392,1,MORTGAGE,home_improvement,0
32,76830.14,2.5,653.0,20005.05,0.211,3,RENT,home_improvement,0
27,79921.7,0.1,702.0,9425.83,0.08,2,MORTGAGE,home_improvement,0
37,15000.0,7.4,519.0,19656.21,1.275,0,MORTGAGE,home_improvement,1
21,48146.25,0.9,688.0,17083.54,0.361,1,MORTGAGE,business,0
46,47571.18,0.2,566.0,10689.27,0.172,1,RENT,medical,0
35,26849.77,5.3,716.0,6931.56,0.279,1,RENT,home_improvement,0
53,39443.67,7.4,573.0,1000.0,0.068,0,RENT,debt_consolidation,0
57,32788.48,8.4,705.0,17797.2,0.57,1,RENT,education,0
67,90045.41,3.4,738.0,2481.58,-0.061,1,MORTGAGE,home_improvement,0
51,73713.57,1.1,719.0,15762.75,0.264,4,MORTGAGE,debt_consolidation,1
55,80431.1,6.7,670.0,12892.41,0.207,1,MORTGAGE,business,0
21,69433.44,6.0,631.0,20433.14,0.336,2,RENT,debt_consolidation,0
28,32418.96,1.4,604.0,12583.64,0.407,1,RENT,debt_consolidation,1
32,44509.59,11.7,768.0,12364.42,0.289,1,MORTGAGE,business,0
39,64787.49,0.6,594.0,20854.97,0.374,1,RENT,business,0
45,30557.44,20.3,567.0,17680.46,0.675,2,RENT,education,1
52,69259.97,9.8,703.0,17529.25,0.205,0,OWN,home_improvement,0
32,50193.49,5.8,586.0,18754.14,0.428,0,RENT,debt_consolidation,1
33,47503.58,14.0,574.0,2715.42,0.053,2,OWN,medical,1
48,69219.2,6.4,535.0,21054.31,0.298,2,RENT,medical,0
21,63885.27,1.1,611.0,19899.75,0.235,2,OWN,education,1
26,47780.68,,643.0,6866.53,0.129,2,MORTGAGE,medical,0
28,78186.6,0.4,669.0,13047.36,0.117,4,RENT,education,1
24,33378.73,2.5,726.0,14685.54,0.417,0,MORTGAGE,home_improvement,0
25,67318.71,,692.0,13924.03,0.152,2,OWN,education,0
45,66862.03,2.4,635.0,17670.88,0.242,0,MORTGAGE,business,0
42,48809.07,2.0,634.0,26450.93,0.522,0,RENT,business,1
48,61522.66,4.5,691.0,23654.13,0.389,1,OWN,business,0
59,29977.73,10.3,752.0,4502.25,0.069,2,OWN,business,0
43,73480.54,0.2,660.0,19976.56,0.2,0,MORTGAGE,business,0
24,51301.96,2.4,612.0,25631.47,0.518,0,OWN,business,1
24,44545.54,0.9,571.0,18094.47,0.366,0,OWN,business,0
67,75980.18,5.9,534.0,23727.84,0.366,0,MORTGAGE,business,0
41,40913.13,0.6,703.0,31098.16,0.771,1,RENT,business,0
57,26830.77,5.5,696.0,23189.68,0.895,0,RENT,home_improvement,0
61,23867.42,1.7,696.0,16994.47,0.783,0,OWN,business,0
22,67120.2,1.1,640.0,23360.71,0.333,0,OWN,education,1
27,29391.41,13.8,763.0,16159.1,0.521,4,OWN,home_improvement,0
69,90095.88,0.1,611.0,15191.22,0.212,1,OWN,medical,1
36,15000.0,2.9,726.0,12188.69,0.838,1,MORTGAGE,debt_consolidation,0
37,88929.13,0.1,647.0,27507.31,0.3,1,MORTGAGE,home_improvement,1
40,59220.35,3.3,601.0,8452.57,0.212,1,RENT,business,0
43,53065.74,3.5,697.0,27258.94,0.503,1,RENT,home_improvement,0
54,44101.62,1.9,683.0,18998.91,0.432,2,MORTGAGE,debt_consolidation,1
31,62982.72,0.7,679.0,3805.55,0.061,2,MORTGAGE,debt_consolidation,0
54,54247.31,2.4,657.0,17941.19,0.284,3,MORTGAGE,business,0
53,77066.04,5.6,647.0,1000.0,0.017,2,RENT,business,0
46,57284.55,7.6,841.0,20004.06,0.419,1,MORTGAGE,education,0
22,58006.04,3.8,745.0,22081.85,0.403,0,MORTGAGE,debt_consolidation,0
43,47727.76,4.5,708.0,10261.15,0.217,2,RENT,business,1
61,53861.09,1.1,659.0,15988.38,0.289,0,OWN,debt_consolidation,0
42,61156.04,1.7,731.0,30633.26,0.517,1,OWN,education,0
54,20796.63,0.9,691.0,10954.03,0.564,3,OWN,medical,1
35,28036.29,1.4,652.0,6528.74,0.263,3,MORTGAGE,debt_consolidation,0
30,69865.28,1.3,626.0,26853.31,0.368,1,MORTGAGE,education,0
35,58417.31,3.7,644.0,30700.7,0.542,1,MORTGAGE,education,0
62,51320.33,4.1,396.0,15029.57,0.317,0,MORTGAGE,education,0
49,55368.68,14.5,667.0,23091.7,0.367,0,OWN,home_improvement,0
43,61951.63,1.1,,25731.81,0.424,0,RENT,business,1
37,44204.81,5.1,777.0,9060.13,0.097,0,MORTGAGE,debt_consolidation,0
29,39433.91,8.5,652.0,11117.55,0.306,1,OWN,home_improvement,0
56,58916.91,4.1,555.0,24847.0,0.455,1,RENT,debt_consolidation,1
29,35432.54,1.5,646.0,28480.11,0.841,2,OWN,home_improvement,1
36,63165.06,1.5,566.0,19503.05,0.289,1,RENT,business,1
56,20948.33,0.2,688.0,7961.49,0.396,2,MORTGAGE,education,0
68,75583.11,1.8,673.0,30896.49,0.48,1,RENT,debt_consolidation,0
53,64451.95,6.8,,10752.23,0.238,1,RENT,education,0
51,60120.59,0.2,587.0,12318.9,0.203,1,MORTGAGE,business,1
26,74653.82,1.2,653.0,17738.7,0.245,0,MORTGAGE,debt_consolidation,1
30,88309.49,6.1,541.0,27433.28,0.366,0,MORTGAGE,medical,0
36,75287.4,7.6,706.0,21831.81,0.215,0,OWN,medical,0
24,18182.52,3.0,692.0,18318.92,0.991,1,MORTGAGE,medical,1
42,29408.46,6.0,690.0,18706.31,0.703,1,MORTGAGE,business,1
33,42503.63,2.5,650.0,15348.12,0.41,0,OWN,medical,1
36,55521.82,0.9,683.0,19465.12,0.369,1,MORTGAGE,debt_consolidation,1
49,65353.18,2.5,778.0,1000.0,-0.06,1,RENT,medical,0
26,40485.12,4.3,627.0,12627.14,0.309,1,MORTGAGE,debt_consolidation,1
46,58735.34,14.8,661.0,16930.58,0.259,2,OWN,business,0
31,39892.34,0.4,563.0,5791.89,0.162,1,OWN,education,0
44,42769.64,3.5,581.0,18090.59,0.383,0,RENT,home_improvement,1
49,26866.78,2.0,658.0,13364.23,0.446,3,OWN,medical,0
23,36535.34,3.5,738.0,29043.81,0.692,1,OWN,home_improvement,0
30,27966.31,0.1,629.0,27584.16,1.047,0,MORTGAGE,education,1
21,35482.53,1.9,631.0,11273.56,0.298,3,MORTGAGE,business,0
63,76072.84,8.6,617.0,13793.3,0.189,0,MORTGAGE,business,0
46,36012.02,4.0,607.0,14408.42,0.4,3,RENT,education,0
32,107647.64,3.0,674.0,11386.72,0.052,2,MORTGAGE,home_improvement,0
34,64866.36,1.7,530.0,16560.2,0.192,2,OWN,medical,0
45,58696.72,1.8,752.0,8933.74,0.102,0,MORTGAGE,debt_consolidation,0
28,37832.84,2.4,597.0,5955.08,0.121,1,RENT,business,0
63,69006.2,9.0,708.0,19981.69,0.308,1,OWN,education,0
24,43487.24,17.1,548.0,20036.24,0.421,0,MORTGAGE,home_improvement,0
48,57440.2,2.9,704.0,8565.47,0.236,2,MORTGAGE,medical,0
27,106201.69,2.5,704.0,22162.84,0.26,1,MORTGAGE,home_improvement,0
30,53078.8,9.4,681.0,9947.38,0.228,0,MORTGAGE,medical,0
56,77985.47,2.8,570.0,17025.32,0.212,0,RENT,debt_consolidation,0
22,40936.47,4.0,670.0,21562.75,0.602,0,MORTGAGE,debt_consolidation,0
46,54300.23,1.3,555.0,14731.1,0.26,4,OWN,education,1
34,90416.01,6.8,630.0,18637.93,0.205,5,RENT,education,0
36,42460.66,3.8,732.0,10868.56,0.264,3,RENT,medical,1
63,91248.97,8.3,714.0,13428.27,0.182,2,RENT,medical,0
62,69155.04,7.6,651.0,13353.12,0.225,1,MORTGAGE,medical,0
37,43750.66,1.2,572.0,9027.37,0.183,1,RENT,medical,0
66,67648.15,6.3,702.0,13585.81,0.174,1,OWN,debt_consolidation,0
42,74451.09,8.0,652.0,2611.05,0.067,1,RENT,education,0
24,67436.2,2.1,464.0,11070.77,0.2,0,OWN,education,0
39,23595.51,0.9,713.0,12721.0,0.519,0,MORTGAGE,business,0
22,40457.26,0.0,648.0,12950.56,0.241,0,MORTGAGE,education,1
59,50049.63,3.0,746.0,13068.02,0.251,2,OWN,education,0
29,53511.33,2.2,562.0,14505.89,0.302,0,OWN,home_improvement,0
39,67413.44,4.0,396.0,18835.53,0.37,1,RENT,home_improvement,0
36,58554.02,1.0,672.0,21996.14,0.316,2,MORTGAGE,business,0
45,28293.11,9.8,673.0,9801.88,0.325,0,RENT,medical,0
68,62603.96,1.5,515.0,5374.39,0.066,1,RENT,business,1
38,67211.71,1.3,572.0,6663.64,0.167,0,MORTGAGE,business,0
43,66195.81,3.3,850.0,11102.38,0.166,0,RENT,debt_consolidation,0
41,76615.61,3.5,626.0,12184.63,0.114,2,MORTGAGE,education,0
31,71678.44,1.2,708.0,8840.03,0.151,1,RENT,debt_consolidation,0
59,64183.6,1.6,598.0,4631.07,0.052,1,MORTGAGE,education,0
61,53596.69,0.9,483.0,11351.03,0.151,2,RENT,business,0
24,21780.78,6.3,636.0,16451.41,0.711,0,RENT,education,1
45,63592.36,7.4,629.0,19760.24,0.397,0,RENT,medical,1
52,59153.75,3.1,618.0,10540.62,0.197,0,MORTGAGE,medical,1
50,60431.58,6.3,641.0,11696.02,0.199,2,MORTGAGE,business,0
65,29465.03,6.7,671.0,7586.41,0.245,0,OWN,home_improvement,0
46,33378.87,0.7,638.0,14748.49,0.456,2,MORTGAGE,medical,0
56,76063.06,16.9,549.0,8212.57,0.122,1,MORTGAGE,business,0
54,54208.9,8.6,689.0,19585.02,0.376,1,MORTGAGE,debt_consolidation,1
29,68630.01,1.1,494.0,1000.0,0.02,2,MORTGAGE,home_improvement,0
32,55566.37,1.0,486.0,12122.96,0.262,0,RENT,medical,0
22,55595.12,0.7,709.0,17408.86,0.314,3,MORTGAGE,business,0
58,73765.68,0.7,691.0,16470.68,0.174,1,OWN,business,0
25,44679.11,6.9,645.0,36544.27,0.787,1,RENT,debt_consolidation,1
25,56922.42,3.2,538.0,17798.4,0.214,0,RENT,debt_consolidation,0
42,45754.49,7.6,593.0,6967.56,0.254,5,MORTGAGE,home_improvement,1
25,46310.08,6.9,629.0,14236.29,0.351,0,MORTGAGE,medical,1
24,48816.56,4.6,522.0,1000.0,-0.021,0,MORTGAGE,business,0
29,59442.68,5.8,591.0,14355.2,0.227,1,MORTGAGE,home_improvement,0
49,45425.03,0.1,702.0,8335.55,0.152,1,MORTGAGE,home_improvement,1
42,80115.12,1.9,764.0,22323.12,0.356,2,RENT,debt_consolidation,0
47,37107.85,5.1,,10603.68,0.215,0,RENT,business,1
30,51262.57,0.0,711.0,14065.87,0.28,1,RENT,education,1
36,46205.38,0.2,497.0,9915.54,0.209,1,RENT,debt_consolidation,0
62,83939.56,9.5,703.0,28910.81,0.386,0,RENT,business,0
62,58931.1,5.8,586.0,12430.06,0.206,2,OWN,home_improvement,0
30,75636.89,1.5,675.0,29660.46,0.304,1,MORTGAGE,home_improvement,0
26,25288.79,5.8,630.0,21513.21,0.838,0,MORTGAGE,medical,1
69,60341.01,7.9,756.0,18856.53,0.264,1,OWN,education,1
25,72792.62,1.8,580.0,17949.87,0.251,1,MORTGAGE,debt_consolidation,0
26,56645.68,0.2,700.0,18150.38,0.392,0,OWN,medical,0
67,76309.61,13.5,628.0,1000.0,-0.074,1,MORTGAGE,medical,0
45,44654.23,2.1,637.0,12768.93,0.246,4,OWN,education,1
24,83186.95,0.6,635.0,21761.26,0.234,3,RENT,debt_consolidation,0
60,100977.96,3.4,582.0,14608.82,0.126,1,MORTGAGE,debt_consolidation,0
68,47743.23,7.3,649.0,3758.48,0.116,1,RENT,home_improvement,0
52,46089.95,1.3,645.0,14580.76,0.308,0,OWN,debt_consolidation,0
55,84067.69,1.6,669.0,28632.84,0.361,1,RENT,medical,0
30,86591.44,1.4,657.0,24975.13,0.257,0,MORTGAGE,home_improvement,0
54,44542.8,23.9,714.0,14503.97,0.337,0,MORTGAGE,debt_consolidation,0
56,46596.26,1.1,724.0,22611.59,0.524,1,RENT,education,1
26,49364.31,4.3,566.0,12067.94,0.208,1,MORTGAGE,medical,0
63,28110.99,13.0,720.0,1369.03,0.088,1,RENT,business,0
66,36626.96,0.8,555.0,7604.27,0.21,1,RENT,education,1
36,34917.18,17.7,697.0,27503.11,0.84,5,RENT,education,0
39,39644.05,14.7,700.0,12808.06,0.313,5,MORTGAGE,debt_consolidation,0
54,54306.3,10.8,497.0,13052.93,0.259,3,RENT,home_improvement,1
45,59684.29,1.2,657.0,12601.29,0.209,2,OWN,home_improvement,0
51,86010.01,5.0,613.0,30233.09,0.347,1,RENT,medical,0
69,35032.92,7.2,589.0,28007.67,0.812,2,RENT,debt_consolidation,1
61,74686.45,21.4,758.0,32750.24,0.465,1,MORTGAGE,home_improvement,0
37,50720.22,1.0,598.0,13727.64,0.208,0,RENT,business,0
67,54010.73,7.3,585.0,17365.0,0.393,3,RENT,debt_consolidation,0
50,68496.39,2.1,656.0,2866.86,-0.051,2,RENT,debt_consolidation,0
59,32545.56,1.0,705.0,26815.48,0.79,0,OWN,home_improvement,0
51,62648.19,2.7,639.0,5657.76,0.086,0,MORTGAGE,education,0
39,58329.04,7.9,743.0,16734.2,0.308,1,RENT,debt_consolidation,1
55,64849.03,3.1,692.0,6221.58,0.175,0,RENT,education,0
49,60783.37,3.9,476.0,10289.07,0.076,3,OWN,medical,1
21,104106.0,26.7,608.0,8301.9,0.054,0,RENT,medical,0
24,42245.2,2.5,605.0,10137.0,0.134,1,MORTGAGE,home_improvement,0
48,44380.06,4.8,688.0,10687.02,0.242,2,MORTGAGE,medical,0
38,42537.19,2.3,440.0,10613.85,0.263,2,OWN,home_improvement,1
46,43890.46,2.5,850.0,21666.67,0.573,3,RENT,home_improvement,0
60,42252.26,5.9,692.0,6161.1,0.152,1,MORTGAGE,education,0
39,78780.33,13.9,662.0,16764.33,0.265,0,MORTGAGE,education,0
26,83410.08,3.9,745.0,24743.67,0.326,1,OWN,medical,0
21,43585.07,7.3,837.0,10894.43,0.228,1,MORTGAGE,education,0
28,38352.89,0.5,720.0,9256.65,0.171,0,MORTGAGE,debt_consolidation,0
53,64428.31,1.2,726.0,13155.8,0.218,0,OWN,business,0
63,43955.54,3.5,660.0,24437.8,0.481,2,RENT,debt_consolidation,0
41,67658.64,0.1,639.0,16552.86,0.309,1,MORTGAGE,debt_consolidation,0
44,59058.46,1.5,612.0,10750.29,0.174,1,RENT,home_improvement,1
45,24685.12,3.6,584.0,18871.01,0.824,2,MORTGAGE,business,1
67,85950.1,0.1,595.0,6181.66,0.048,1,MORTGAGE,home_improvement,0
63,90917.55,1.5,542.0,20450.88,0.238,2,MORTGAGE,education,1
39,42744.23,3.6,644.0,18268.86,0.438,1,OWN,education,1
49,47245.97,4.3,515.0,12537.53,0.263,0,RENT,business,0
30,60717.31,,665.0,8291.31,0.115,0,RENT,medical,0
32,61689.14,5.2,647.0,7906.55,0.148,0,MORTGAGE,education,0
53,68170.89,2.7,662.0,19278.54,0.236,1,MORTGAGE,debt_consolidation,0
27,95204.09,13.3,608.0,24831.84,0.2,2,MORTGAGE,business,0
37,51461.06,7.7,850.0,9901.54,0.255,1,RENT,business,0
30,39034.06,1.1,759.0,18667.09,0.515,2,MORTGAGE,education,0
51,27413.62,0.7,550.0,1000.0,0.04,0,MORTGAGE,education,0
26,40381.4,5.6,669.0,10323.06,0.339,4,OWN,home_improvement,0
37,54337.46,4.1,601.0,14751.53,0.258,1,OWN,home_improvement,0
57,90891.16,7.8,569.0,7722.53,0.151,0,MORTGAGE,debt_consolidation,1
38,44647.77,6.7,543.0,7507.95,0.177,3,MORTGAGE,business,1
46,59475.76,4.9,685.0,9657.76,0.111,0,MORTGAGE,medical,0
69,54671.54,21.5,595.0,17337.54,0.41,2,RENT,medical,0
36,78767.87,3.8,727.0,13501.37,0.221,1,OWN,business,0
28,105538.65,0.6,730.0,1000.0,0.003,3,MORTGAGE,debt_consolidation,0
44,44382.62,8.8,760.0,1000.0,0.059,2,MORTGAGE,home_improvement,0
33,45211.21,1.5,582.0,10145.08,0.204,1,MORTGAGE,home_improvement,0
49,75883.22,7.5,688.0,18661.49,0.287,1,MORTGAGE,home_improvement,1
52,68637.83,15.7,701.0,1000.0,-0.105,1,OWN,medical,0
44,91934.15,6.0,612.0,11002.16,0.069,1,MORTGAGE,medical,0
36,66678.56,4.5,588.0,10790.02,0.211,1,OWN,debt_consolidation,0
31,47814.16,3.1,779.0,26106.7,0.534,3,OWN,medical,1
52,66813.1,2.3,668.0,11919.83,0.189,2,RENT,education,0
26,77174.07,2.2,701.0,18063.91,0.167,1,MORTGAGE,medical,1
55,71409.64,5.1,584.0,16130.06,0.318,1,MORTGAGE,home_improvement,0
53,65145.48,7.0,552.0,1000.0,0.075,1,RENT,debt_consolidation,1
38,76333.49,5.7,604.0,21145.66,0.267,3,RENT,business,0
57,78385.91,1.1,640.0,16723.17,0.193,0,MORTGAGE,business,0
33,82643.18,3.4,565.0,19066.15,0.282,1,OWN,debt_consolidation,0
30,67974.2,7.8,649.0,46409.9,0.782,3,MORTGAGE,education,1
57,51657.64,3.2,515.0,1000.0,0.067,1,RENT,business,0
46,57934.27,3.8,560.0,28797.57,0.606,1,RENT,home_improvement,1
66,79130.18,7.4,704.0,12700.42,0.114,1,OWN,business,0
37,38661.29,5.4,698.0,17298.63,0.406,1,RENT,business,1
21,62373.47,2.6,619.0,14635.9,0.175,2,RENT,home_improvement,0
45,47133.22,11.3,569.0,11606.11,0.268,1,RENT,medical,0
54,55574.9,0.9,568.0,10441.34,0.197,1,RENT,education,0
59,80569.04,27.0,620.0,17636.07,0.211,1,RENT,home_improvement,0
30,58821.98,0.6,702.0,2862.61,0.089,0,MORTGAGE,home_improvement,0
40,55928.73,0.1,724.0,21004.63,0.437,2,RENT,debt_consolidation,0
27,27802.88,11.0,610.0,11670.44,0.343,2,OWN,education,0
36,69925.07,1.4,558.0,5959.45,0.055,2,MORTGAGE,medical,0
57,67909.68,6.5,671.0,11399.9,0.209,2,MORTGAGE,home_improvement,0
49,98265.09,8.3,584.0,25057.19,0.232,3,OWN,medical,0
32,48844.44,9.8,609.0,10717.32,0.18,2,MORTGAGE,home_improvement,0
37,59383.01,23.9,756.0,17867.63,0.352,2,MORTGAGE,home_improvement,0
68,59987.67,1.7,716.0,9152.35,0.088,1,MORTGAGE,debt_consolidation,0
40,86549.07,6.2,663.0,21063.37,0.228,3,OWN,business,0
46,53094.09,0.6,548.0,20484.06,0.402,1,MORTGAGE,education,1
68,60580.43,2.6,667.0,29788.87,0.463,3,OWN,debt_consolidation,0
39,67157.93,9.4,735.0,13595.49,0.242,1,RENT,medical,0
67,58732.18,2.3,,20349.24,0.318,1,MORTGAGE,home_improvement,0
32,46071.33,4.5,758.0,15784.54,0.413,1,OWN,home_improvement,0
41,58881.8,3.5,753.0,25366.97,0.425,1,MORTGAGE,education,0
62,76472.63,5.2,783.0,9249.34,0.155,2,RENT,debt_consolidation,0
54,34469.69,18.0,,20960.04,0.645,0,RENT,debt_consolidation,0
27,57659.39,0.3,697.0,13442.42,0.202,0,MORTGAGE,medical,0
65,40997.58,4.3,763.0,14486.49,0.251,3,RENT,debt_consolidation,0
55,78900.93,9.9,686.0,15734.02,0.217,4,MORTGAGE,debt_consolidation,0
35,24536.26,3.3,610.0,17017.92,0.697,1,MORTGAGE,business,0
21,43821.56,0.4,614.0,14070.17,0.349,0,MORTGAGE,education,0
46,62544.24,4.1,,16717.71,0.256,3,OWN,debt_consolidation,0
55,86310.48,2.0,547.0,27624.94,0.299,0,OWN,medical,1
45,53684.99,0.8,639.0,22883.6,0.527,0,MORTGAGE,home_improvement,1
62,43896.01,9.5,738.0,21953.24,0.427,1,MORTGAGE,debt_consolidation,0
35,92623.14,3.7,475.0,11355.68,0.159,1,OWN,debt_consolidation,0
42,26039.72,13.5,773.0,7886.07,0.274,3,MORTGAGE,home_improvement,0
26,15000.0,8.2,740.0,22642.4,1.493,0,MORTGAGE,business,1
35,63800.29,5.9,613.0,22008.37,0.329,2,MORTGAGE,education,0
44,44958.92,0.0,693.0,26781.37,0.556,1,RENT,business,0
41,34575.34,2.8,650.0,10168.15,0.323,2,RENT,medical,1
27,69167.13,1.1,748.0,13163.61,0.26,0,OWN,debt_consolidation,1
49,59876.01,12.1,729.0,1884.13,0.055,1,RENT,business,0
52,43718.43,1.0,538.0,11860.23,0.276,2,MORTGAGE,education,1
52,29393.91,1.7,697.0,22972.56,0.732,1,RENT,medical,0
25,72449.15,3.6,634.0,11268.04,0.181,0,MORTGAGE,business,0
24,68004.02,1.5,657.0,20123.84,0.404,3,RENT,debt_consolidation,0
42,53016.48,1.2,592.0,13475.98,0.235,0,OWN,education,1
38,91932.74,4.6,790.0,17592.46,0.173,0,RENT,debt_consolidation,0
55,33598.3,0.5,733.0,5818.47,0.145,2,OWN,debt_consolidation,0
37,24489.5,0.3,591.0,15681.68,0.616,0,RENT,medical,1
44,41161.84,2.3,543.0,1000.0,-0.113,0,RENT,education,0
22,54088.28,6.4,619.0,13504.83,0.27,1,MORTGAGE,home_improvement,0
33,59866.79,4.0,685.0,1956.21,-0.01,5,RENT,debt_consolidation,0
35,50175.28,2.7,669.0,24647.96,0.411,1,RENT,education,1
25,62041.11,4.2,750.0,21219.26,0.38,0,MORTGAGE,debt_consolidation,0
23,29969.21,2.3,713.0,18733.37,0.571,0,RENT,business,0
57,83875.29,13.8,728.0,27168.05,0.307,1,OWN,business,0
57,53356.98,0.3,676.0,7408.67,0.212,0,RENT,education,0
57,77345.92,5.6,539.0,28978.91,0.304,2,RENT,medical,0
23,61854.51,,634.0,22457.53,0.286,1,MORTGAGE,home_improvement,1
55,64135.06,8.1,735.0,13107.56,0.218,0,RENT,business,0
43,66395.35,1.0,646.0,24084.96,0.42,1,MORTGAGE,medical,0
48,63954.17,1.8,690.0,6149.65,0.017,4,MORTGAGE,home_improvement,0
50,67854.46,6.3,625.0,8403.89,0.144,0,RENT,business,0
38,81583.05,0.4,568.0,10131.28,0.153,1,MORTGAGE,home_improvement,0
56,58930.42,,640.0,10768.18,0.08,0,RENT,debt_consolidation,0
53,69180.08,6.3,675.0,6547.54,0.135,0,RENT,education,0
46,53205.29,6.5,598.0,24784.66,0.51,1,RENT,business,0
68,83802.34,0.5,631.0,12929.16,0.139,0,OWN,business,0
60,41472.15,6.3,575.0,17820.04,0.492,2,OWN,debt_consolidation,0
37,91018.81,5.7,740.0,10437.19,0.171,1,RENT,business,0
60,54196.84,8.9,626.0,1000.0,0.024,0,MORTGAGE,business,0
27,26384.5,0.2,766.0,17160.46,0.628,0,MORTGAGE,business,0
28,57562.09,0.1,772.0,1000.0,-0.031,2,RENT,business,0
51,41378.97,2.3,644.0,14450.93,0.347,2,MORTGAGE,business,1
32,71812.87,0.8,569.0,4053.48,0.085,1,MORTGAGE,medical,0
68,41947.52,4.1,483.0,30898.21,0.72,0,RENT,business,0
51,46076.33,12.5,532.0,22290.9,0.374,3,RENT,debt_consolidation,1
64,17209.19,2.5,540.0,15846.03,0.984,2,OWN,business,1
39,45953.87,9.3,760.0,25109.65,0.556,2,OWN,home_improvement,0
30,15000.0,0.0,659.0,8229.47,0.53,3,OWN,home_improvement,1
59,23321.94,0.9,681.0,19347.84,0.872,2,RENT,debt_consolidation,0
32,70208.29,0.2,472.0,16598.48,0.313,2,MORTGAGE,medical,0
40,70716.0,2.0,554.0,17112.16,0.102,3,OWN,debt_consolidation,0
57,63509.15,11.9,721.0,25178.83,0.418,1,OWN,medical,0
68,35660.48,0.5,673.0,20859.94,0.514,2,RENT,education,0
61,54045.77,4.7,638.0,17309.79,0.345,0,OWN,home_improvement,0
27,54927.95,3.0,695.0,1760.9,0.038,1,RENT,home_improvement,0
34,31832.71,13.9,781.0,7319.63,0.262,2,OWN,home_improvement,0
31,85067.97,0.7,632.0,14018.33,0.14,2,MORTGAGE,medical,0
27,72547.25,,656.0,15746.98,0.123,0,OWN,debt_consolidation,0
49,50580.72,0.1,665.0,5958.37,0.095,3,RENT,medical,0
30,55537.72,2.8,841.0,34293.41,0.638,0,OWN,home_improvement,0
49,59167.66,1.6,482.0,27131.15,0.509,0,MORTGAGE,home_improvement,1
29,15000.0,10.2,705.0,19816.95,1.263,0,MORTGAGE,home_improvement,0
56,50056.45,4.6,641.0,15576.29,0.363,1,OWN,home_improvement,1
68,41360.32,4.8,695.0,13302.33,0.289,1,RENT,education,0
30,34967.6,3.8,597.0,7384.65,0.229,2,OWN,home_improvement,1
39,49377.99,0.5,646.0,15619.84,0.291,1,OWN,medical,0
51,90953.73,2.9,707.0,17062.02,0.197,0,MORTGAGE,home_improvement,1
37,67816.86,38.1,850.0,5065.92,0.119,1,OWN,business,0
29,43576.42,9.0,715.0,17673.41,0.344,3,MORTGAGE,education,0
65,66451.66,11.2,582.0,13757.93,0.173,1,OWN,home_improvement,0
53,82987.11,8.7,616.0,1000.0,0.021,2,RENT,business,0
54,73492.67,0.5,614.0,8116.92,0.231,3,MORTGAGE,medical,0
65,56192.61,1.3,506.0,11691.16,0.165,2,OWN,education,0
44,42061.26,0.0,624.0,30101.5,0.818,1,MORTGAGE,home_improvement,1
29,68964.47,1.8,709.0,19452.42,0.382,0,OWN,medical,0
27,62869.71,0.6,548.0,4316.15,0.064,4,RENT,business,0
36,72903.86,3.2,734.0,18888.29,0.244,0,MORTGAGE,education,0
39,67703.44,5.7,,2621.57,0.004,1,RENT,home_improvement,1
59,75991.05,10.4,591.0,23661.53,0.308,2,RENT,medical,0
26,44295.3,6.9,639.0,11231.0,0.183,0,RENT,education,0
31,81347.88,14.0,778.0,14250.91,0.171,3,MORTGAGE,business,0
32,58951.99,0.3,709.0,25606.37,0.509,1,OWN,home_improvement,0
62,96505.22,0.1,651.0,4702.69,0.018,0,RENT,education,0
33,41216.24,5.4,631.0,3823.05,0.081,1,OWN,business,0
32,89719.28,1.7,656.0,10331.21,0.03,0,OWN,business,0
41,58958.22,1.5,609.0,23307.03,0.414,1,MORTGAGE,medical,0
30,41971.64,2.0,482.0,2845.23,0.081,0,OWN,business,1
40,45322.28,1.6,813.0,1000.0,0.025,2,MORTGAGE,business,0
56,48593.05,3.6,662.0,11390.73,0.224,1,RENT,debt_consolidation,0
48,63483.32,2.9,682.0,19413.93,0.291,1,MORTGAGE,business,0
44,65456.71,3.6,645.0,24602.09,0.401,1,MORTGAGE,home_improvement,1
25,43526.0,5.6,591.0,11294.71,0.258,1,MORTGAGE,education,1
57,54512.91,,635.0,11708.59,0.231,1,RENT,home_improvement,1
32,97845.41,1.4,522.0,24231.21,0.258,0,OWN,home_improvement,0
55,89550.86,0.9,832.0,1000.0,0.067,1,MORTGAGE,medical,0
60,63726.47,2.1,551.0,11891.83,0.22,1,RENT,debt_consolidation,0
22,55760.07,6.8,567.0,16523.39,0.306,2,OWN,debt_consolidation,1
61,57400.63,7.1,615.0,18593.75,0.4,0,MORTGAGE,home_improvement,0
65,67270.36,5.5,753.0,10921.55,0.183,3,OWN,education,0
59,34544.15,1.3,651.0,15275.53,0.507,1,MORTGAGE,debt_consolidation,0
62,49852.47,4.4,551.0,1000.0,0.05,0,RENT,debt_consolidation,0
29,21628.32,4.2,750.0,9734.01,0.358,1,MORTGAGE,home_improvement,1
42,62984.46,3.3,708.0,18628.07,0.361,1,OWN,debt_consolidation,0
67,67943.92,4.0,693.0,7141.65,0.112,3,OWN,medical,0
25,45336.27,3.4,707.0,15471.87,0.339,2,MORTGAGE,home_improvement,0
32,86479.74,4.2,842.0,18574.98,0.229,0,RENT,debt_consolidation,0
21,30484.69,6.3,825.0,12259.61,0.385,0,MORTGAGE,debt_consolidation,0
64,25712.5,0.6,595.0,16363.71,0.648,2,MORTGAGE,debt_consolidation,0
42,59489.04,6.9,780.0,7298.14,0.093,2,RENT,home_improvement,0
58,75941.97,0.7,681.0,13347.11,0.239,1,MORTGAGE,education,1
39,88678.55,0.3,690.0,19881.73,0.219,0,OWN,business,0
36,45822.31,18.7,515.0,16255.78,0.336,0,MORTGAGE,debt_consolidation,1
51,76573.62,15.7,636.0,10307.75,0.088,0,RENT,business,0
23,54229.83,0.3,585.0,16793.73,0.323,0,MORTGAGE,business,0
43,51547.45,2.9,716.0,20716.88,0.411,1,OWN,debt_consolidation,0
62,72673.2,1.0,736.0,1000.0,0.033,0,RENT,debt_consolidation,1
38,68046.46,3.3,484.0,24272.59,0.305,0,OWN,business,1
46,23472.16,8.9,648.0,12309.96,0.444,2,RENT,education,0
33,84530.81,15.0,740.0,18403.92,0.249,0,OWN,business,1
38,82601.83,5.0,,24577.98,0.372,1,RENT,education,0
23,42488.75,,708.0,4026.61,0.043,0,RENT,medical,0
43,62916.07,4.6,678.0,9324.47,0.228,5,RENT,education,0
23,64880.6,1.9,677.0,12691.61,0.21,1,OWN,home_improvement,0
45,60213.48,12.0,628.0,8729.97,0.145,1,OWN,debt_consolidation,0
47,43993.9,,553.0,28879.49,0.637,1,OWN,medical,1
64,41567.53,4.1,560.0,8145.82,0.127,1,RENT,business,1
47,54488.92,2.0,707.0,10555.63,0.243,1,MORTGAGE,education,0
59,78454.58,1.7,652.0,16635.11,0.173,3,MORTGAGE,medical,0
45,65872.0,0.2,639.0,5382.8,0.043,1,RENT,home_improvement,0
44,47587.71,8.5,616.0,11834.55,0.298,0,MORTGAGE,education,0
28,70433.97,3.0,626.0,17539.63,0.155,2,OWN,business,0
29,15000.0,2.0,734.0,12337.12,0.746,0,MORTGAGE,business,1
66,77975.31,3.2,623.0,14252.91,0.182,1,RENT,education,1
57,20205.72,8.5,543.0,10765.34,0.547,1,RENT,home_improvement,0
50,47751.18,0.7,709.0,2884.24,0.085,1,MORTGAGE,debt_consolidation,0
39,32606.6,9.7,634.0,17572.75,0.524,0,MORTGAGE,debt_consolidation,1
36,29106.37,11.4,,29039.46,1.124,2,RENT,business,0
44,78216.54,14.7,779.0,15147.21,0.182,0,RENT,home_improvement,0
64,45645.98,2.5,648.0,16802.11,0.357,0,MORTGAGE,business,0
41,61930.08,1.2,673.0,20541.78,0.292,2,MORTGAGE,debt_consolidation,0
56,54061.59,2.3,556.0,4845.36,0.096,3,MORTGAGE,business,0
60,64540.82,2.0,632.0,28620.12,0.474,0,RENT,education,1
59,56536.44,1.0,699.0,16618.63,0.354,0,OWN,education,0
67,29340.16,4.7,526.0,28054.86,0.882,3,RENT,home_improvement,1
26,74925.34,3.2,666.0,9135.74,0.11,0,RENT,debt_consolidation,0
25,45124.87,10.0,658.0,29544.5,0.677,0,RENT,home_improvement,1
34,23868.36,0.2,653.0,21201.24,0.918,1,MORTGAGE,home_improvement,1
65,46437.7,5.2,733.0,19424.32,0.419,0,OWN,debt_consolidation,1
62,85015.2,7.2,677.0,16872.2,0.226,1,MORTGAGE,medical,0
24,72004.43,7.1,768.0,13011.77,0.14,1,RENT,medical,0
28,48026.96,10.9,571.0,24604.25,0.59,3,RENT,business,1
44,48014.85,6.5,661.0,16122.88,0.385,4,RENT,medical,0
31,48567.3,13.1,657.0,1000.0,-0.047,1,RENT,education,0
37,96534.96,2.0,564.0,6062.51,0.009,3,MORTGAGE,home_improvement,0
41,62638.71,3.5,727.0,13513.23,0.163,1,RENT,business,0
46,63600.83,0.1,836.0,17479.99,0.309,1,RENT,home_improvement,0
63,75605.67,0.0,649.0,14547.29,0.128,1,RENT,debt_consolidation,0
68,59775.78,1.4,690.0,24751.77,0.398,0,RENT,medical,1
64,49819.16,0.5,657.0,1000.0,0.043,2,MORTGAGE,debt_consolidation,0
65,51073.0,1.5,593.0,16148.7,0.313,1,OWN,business,0
47,53567.97,1.0,504.0,1000.0,0.032,2,MORTGAGE,education,0
36,54255.56,0.1,594.0,21077.7,0.335,1,MORTGAGE,medical,0
46,69552.59,12.0,539.0,14244.33,0.235,3,RENT,debt_consolidation,1
53,56038.92,0.0,786.0,18356.88,0.297,1,RENT,medical,1
51,69652.8,6.7,641.0,8088.94,0.1,2,MORTGAGE,home_improvement,0
68,53385.67,0.8,622.0,25235.72,0.485,1,MORTGAGE,education,1
67,56572.7,12.2,721.0,23333.8,0.418,0,RENT,medical,0
26,15035.99,11.2,560.0,19668.35,1.309,0,RENT,education,1
64,73326.55,5.3,589.0,13963.86,0.153,0,RENT,home_improvement,1
28,61929.77,5.6,655.0,19638.86,0.302,0,RENT,home_improvement,0
27,74960.2,0.0,732.0,9344.86,0.125,1,RENT,debt_consolidation,0
54,15000.0,21.0,690.0,21844.45,1.388,0,RENT,business,1
64,96767.49,10.5,670.0,28195.85,0.268,1,OWN,debt_consolidation,0
34,52208.21,11.3,656.0,23564.88,0.471,1,RENT,education,0
36,77163.66,5.4,682.0,9163.18,0.055,2,RENT,debt_consolidation,0
63,34201.88,2.1,666.0,17891.34,0.581,2,MORTGAGE,medical,1
29,67255.48,11.2,568.0,4654.87,0.133,0,OWN,debt_consolidation,0
30,33931.69,1.7,654.0,19579.12,0.515,1,MORTGAGE,business,1
37,42524.62,4.1,564.0,18604.83,0.505,1,RENT,business,1
32,93280.63,0.5,656.0,1000.0,0.004,0,MORTGAGE,education,0
26,51186.35,12.8,612.0,5705.73,0.132,1,RENT,home_improvement,0
39,59348.66,0.8,850.0,12734.89,0.19,0,OWN,business,0
63,72401.35,1.3,647.0,12593.12,0.22,0,RENT,education,0
61,64913.64,4.1,538.0,5324.18,0.102,0,RENT,business,0
49,58008.38,7.2,,18111.83,0.272,0,MORTGAGE,business,0
26,62299.22,4.8,692.0,17011.79,0.215,1,OWN,home_improvement,1
45,103068.31,1.3,784.0,13445.85,0.057,0,MORTGAGE,medical,1
44,53847.62,0.0,603.0,8953.67,0.176,0,RENT,education,1
45,59021.98,7.1,523.0,23389.66,0.425,3,RENT,business,1
36,76013.09,21.1,715.0,28243.26,0.404,2,OWN,business,0
36,77110.52,8.3,540.0,11131.51,0.138,5,MORTGAGE,debt_consolidation,1
26,78740.61,3.1,615.0,10102.66,0.07,1,OWN,medical,0
57,67774.6,11.7,629.0,18929.66,0.245,1,MORTGAGE,home_improvement,1
41,32139.9,2.6,644.0,12135.76,0.435,1,RENT,education,0
24,87668.63,3.7,705.0,13884.82,0.134,1,MORTGAGE,business,0
54,32073.09,3.2,595.0,20917.23,0.659,1,RENT,education,0
48,61052.71,3.0,628.0,1000.0,-0.037,0,RENT,home_improvement,0
58,39914.48,7.5,649.0,25546.42,0.657,1,OWN,medical,0
61,53717.23,3.7,662.0,15581.44,0.267,1,OWN,debt_consolidation,0
48,61575.25,1.9,658.0,11708.05,0.242,0,RENT,medical,0
37,61427.14,1.5,685.0,14286.13,0.271,2,RENT,debt_consolidation,1
34,63438.42,,718.0,14699.43,0.207,1,OWN,education,1
27,87274.23,4.4,681.0,1150.39,0.007,0,OWN,medical,0
42,64070.69,1.3,686.0,26959.51,0.393,1,RENT,medical,0
21,50116.87,0.8,523.0,15330.61,0.235,2,RENT,medical,0
49,74281.74,5.3,654.0,18544.02,0.207,1,RENT,home_improvement,0
51,78789.41,5.7,688.0,22612.4,0.297,1,MORTGAGE,education,0
50,30447.84,7.0,708.0,6830.7,0.241,0,MORTGAGE,debt_consolidation,0
35,66948.0,3.5,595.0,18787.78,0.288,2,OWN,medical,1
38,69023.45,11.2,,12858.87,0.171,1,MORTGAGE,education,0
55,49048.73,13.8,604.0,21774.17,0.491,2,MORTGAGE,home_improvement,0
50,82514.14,8.2,693.0,1000.0,0.015,0,RENT,home_improvement,0
54,51998.89,5.0,733.0,14207.25,0.308,1,RENT,education,0
62,57511.53,1.8,617.0,10177.43,0.088,1,MORTGAGE,debt_consolidation,0
31,51538.56,20.4,723.0,18458.1,0.162,1,OWN,education,0
47,55311.58,1.6,660.0,18760.35,0.353,1,MORTGAGE,education,0
44,33074.5,1.1,640.0,9338.99,0.211,3,MORTGAGE,business,0
55,26198.98,,633.0,9302.61,0.344,2,OWN,home_improvement,0
59,86890.1,0.3,710.0,14114.68,0.147,0,RENT,debt_consolidation,0
28,38060.77,19.2,676.0,7826.86,0.285,4,RENT,business,0
38,35172.15,4.4,832.0,21735.87,0.638,2,RENT,education,0
33,15000.0,4.1,582.0,12046.34,0.811,2,RENT,home_improvement,1
65,42220.77,5.3,691.0,1000.0,0.066,2,OWN,business,0
44,28538.2,3.4,608.0,12001.42,0.439,1,RENT,business,1
43,87840.3,0.2,580.0,6691.65,0.053,3,RENT,debt_consolidation,0
32,75196.34,4.7,649.0,1949.79,0.08,0,OWN,education,0
69,41236.99,6.3,661.0,5100.59,0.068,0,RENT,debt_consolidation,0
50,100048.72,2.7,850.0,15875.27,0.175,1,OWN,business,0
51,74635.31,7.1,635.0,25629.13,0.266,1,OWN,business,0
48,48503.37,1.3,560.0,17505.48,0.371,1,OWN,debt_consolidation,1
42,15000.0,1.3,672.0,10147.97,0.686,1,MORTGAGE,business,0
64,100818.85,0.9,484.0,18647.23,0.269,0,RENT,medical,1
48,27208.55,2.3,643.0,11327.28,0.338,1,RENT,home_improvement,0
33,22092.03,9.4,651.0,9443.2,0.397,1,MORTGAGE,education,1
45,75451.41,8.8,714.0,5765.1,0.118,5,OWN,home_improvement,0
64,103795.05,,728.0,1000.0,0.026,1,MORTGAGE,education,0
66,82685.46,4.4,610.0,11880.61,0.153,2,RENT,business,0
27,66278.18,6.4,638.0,16264.43,0.198,2,MORTGAGE,debt_consolidation,0
65,66895.09,1.4,589.0,14227.01,0.183,2,MORTGAGE,debt_consolidation,1
26,72068.31,0.9,560.0,11672.26,0.224,2,OWN,business,0
44,70178.57,17.9,675.0,7434.03,0.103,1,RENT,education,0
39,60623.83,4.8,548.0,19865.97,0.346,2,MORTGAGE,business,0
39,57084.02,19.9,617.0,4462.94,0.072,0,MORTGAGE,education,0
56,53748.14,2.1,570.0,21208.22,0.335,1,MORTGAGE,business,0
29,39920.71,6.1,694.0,6982.26,0.222,2,RENT,business,1
68,49386.5,1.3,794.0,8980.52,0.207,1,MORTGAGE,business,0
56,21140.86,1.5,546.0,3265.72,0.27,3,RENT,debt_consolidation,0
58,53033.21,3.6,502.0,10988.78,0.156,4,RENT,education,1
60,35228.18,1.9,640.0,22802.5,0.688,2,OWN,business,1
49,32928.21,,651.0,19125.02,0.515,1,RENT,home_improvement,1
44,58597.88,1.5,667.0,22827.38,0.397,0,MORTGAGE,home_improvement,0
68,82840.05,0.2,614.0,19177.14,0.28,0,OWN,debt_consolidation,1
25,73366.33,6.1,634.0,6170.64,-0.019,0,RENT,medical,0
62,23589.99,3.4,679.0,12353.69,0.513,1,MORTGAGE,debt_consolidation,0
65,35207.44,0.5,733.0,8758.41,0.221,0,MORTGAGE,medical,0
46,73815.42,0.9,494.0,25644.6,0.312,0,RENT,debt_consolidation,0
34,35350.25,0.5,620.0,5425.69,0.173,0,OWN,home_improvement,0
59,50507.34,4.7,667.0,22149.58,0.495,0,RENT,business,0
49,66001.04,0.5,577.0,22143.63,0.329,4,OWN,education,1
26,35633.11,7.0,788.0,29636.96,0.842,0,RENT,business,0
27,57107.51,0.1,599.0,11722.51,0.211,0,RENT,home_improvement,0
57,28319.49,1.4,647.0,20698.58,0.731,1,RENT,education,1
38,42972.65,11.1,694.0,33253.21,0.719,1,MORTGAGE,medical,0
43,61395.64,6.3,,10058.87,0.219,0,OWN,medical,0
64,23140.13,0.4,502.0,2719.68,0.132,5,OWN,home_improvement,1
58,63809.49,8.6,616.0,1000.0,0.035,1,RENT,education,1
21,54607.24,3.4,732.0,20701.7,0.339,2,OWN,business,0
24,66049.8,9.4,623.0,1000.0,-0.008,3,RENT,home_improvement,0
64,59478.28,4.6,582.0,12021.45,0.193,2,RENT,medical,0
67,82282.81,5.7,724.0,18498.51,0.148,0,OWN,home_improvement,0
55,57504.49,25.2,624.0,16481.4,0.202,1,RENT,business,0
43,46411.89,,609.0,18403.56,0.366,1,RENT,debt_consolidation,0
47,57445.95,4.9,662.0,16778.32,0.318,2,OWN,debt_consolidation,0
46,65865.96,3.1,712.0,25230.93,0.35,0,MORTGAGE,business,0
28,55977.2,0.2,841.0,7381.47,0.081,1,RENT,education,0
63,55811.83,0.1,716.0,9584.04,0.131,2,RENT,home_improvement,0
36,40960.17,0.6,743.0,8818.72,0.193,2,RENT,business,0
61,41741.98,5.2,610.0,21641.53,0.501,0,MORTGAGE,debt_consolidation,0
23,26947.89,4.2,568.0,22203.19,0.932,0,MORTGAGE,medical,1
52,89991.53,4.0,655.0,18609.8,0.26,2,OWN,business,0
25,30122.74,0.2,659.0,24467.95,0.864,1,MORTGAGE,business,1
40,41141.9,3.2,564.0,5575.67,0.194,2,OWN,business,1
34,40631.85,12.9,636.0,28337.79,0.647,2,MORTGAGE,debt_consolidation,1
52,72898.49,2.5,682.0,27185.91,0.312,2,RENT,debt_consolidation,0
46,49101.01,4.9,679.0,20884.98,0.37,0,RENT,business,0
67,79954.84,7.6,690.0,29254.39,0.433,1,OWN,business,1
26,41530.19,7.7,673.0,1747.01,0.015,2,RENT,education,0
56,60579.88,,609.0,10804.41,0.116,1,OWN,medical,0
60,38293.06,9.8,609.0,9117.57,0.217,3,RENT,home_improvement,0
25,97902.98,2.5,554.0,20771.83,0.2,2,OWN,home_improvement,0
33,31248.03,11.0,793.0,6598.87,0.225,3,RENT,home_improvement,0
52,61196.41,1.4,651.0,21059.96,0.357,0,RENT,debt_consolidation,0
36,67675.54,1.6,632.0,25964.29,0.342,1,MORTGAGE,debt_consolidation,0
21,63275.98,0.3,576.0,20561.62,0.359,1,MORTGAGE,education,0
33,51294.25,7.9,850.0,17270.01,0.305,0,MORTGAGE,debt_consolidation,0
31,52403.59,2.7,564.0,7097.01,0.128,0,MORTGAGE,business,0
28,55876.23,1.3,616.0,8225.19,0.182,2,MORTGAGE,medical,0
45,52059.96,1.3,683.0,24996.95,0.448,1,OWN,medical,0
60,74277.58,11.6,698.0,21234.79,0.257,3,RENT,medical,0
52,99210.46,9.0,727.0,14687.84,0.178,1,RENT,medical,0
44,43850.16,4.0,795.0,11656.72,0.223,4,RENT,home_improvement,0
48,27603.94,4.8,690.0,1000.0,0.017,1,MORTGAGE,home_improvement,0
34,53234.36,3.2,566.0,6433.18,0.149,1,RENT,business,1
65,106594.19,2.5,629.0,30291.35,0.387,3,MORTGAGE,education,0
23,38926.51,12.4,675.0,4756.36,0.152,0,OWN,debt_consolidation,0
56,87782.34,0.7,815.0,16515.84,0.212,1,MORTGAGE,debt_consolidation,0
47,88554.02,2.7,538.0,23059.55,0.287,3,RENT,home_improvement,1
40,43928.24,2.1,746.0,4960.62,0.059,0,RENT,medical,0
67,66379.66,3.4,664.0,16477.68,0.254,4,MORTGAGE,business,0
35,87567.93,3.1,717.0,22503.32,0.255,0,RENT,education,0
47,47417.45,3.7,,15099.99,0.335,3,RENT,home_improvement,1
65,50928.39,0.8,583.0,37947.22,0.751,0,RENT,business,1
61,43366.38,3.6,710.0,1651.21,0.057,2,RENT,business,1
48,34704.87,1.4,702.0,23469.83,0.661,1,RENT,home_improvement,1
45,42014.45,1.0,728.0,13617.59,0.327,1,OWN,business,0
62,30521.19,0.3,649.0,21175.36,0.632,1,OWN,medical,1
64,55681.67,7.2,602.0,18530.46,0.317,1,OWN,business,0
66,39600.54,2.8,525.0,9134.75,0.3,1,RENT,education,1
53,59675.72,4.9,716.0,16831.97,0.298,0,MORTGAGE,business,0
66,23882.09,6.5,684.0,1000.0,0.041,4,MORTGAGE,debt_consolidation,0
34,61617.6,5.7,573.0,19825.98,0.417,1,RENT,business,0
28,71670.58,3.2,607.0,17385.27,0.175,0,RENT,home_improvement,0
68,15125.29,2.5,613.0,20109.28,1.274,1,RENT,debt_consolidation,1
34,62481.13,2.4,531.0,23464.95,0.461,1,MORTGAGE,home_improvement,0
21,79553.38,5.1,585.0,17940.96,0.228,1,MORTGAGE,education,0
36,30807.18,3.4,559.0,16184.72,0.513,0,MORTGAGE,medical,0
38,88451.45,9.5,617.0,7951.45,0.03,1,RENT,education,0
27,63380.38,10.4,591.0,9302.23,0.169,2,OWN,debt_consolidation,0
35,40899.76,,520.0,24493.88,0.626,3,RENT,medical,1
44,53884.62,0.7,812.0,26490.68,0.437,1,RENT,business,0
69,66166.54,5.0,750.0,13095.12,0.191,0,OWN,debt_consolidation,0
33,56520.11,1.8,588.0,15368.02,0.255,1,RENT,medical,0
29,65775.12,0.1,672.0,7763.09,0.131,1,MORTGAGE,home_improvement,0
35,36586.53,11.0,683.0,24382.05,0.61,1,OWN,medical,0
55,58387.22,1.3,745.0,20323.33,0.411,1,MORTGAGE,home_improvement,0
44,26725.71,13.2,585.0,30529.74,1.188,0,RENT,home_improvement,1
53,52775.48,,737.0,7973.42,0.133,0,MORTGAGE,medical,0
36,36921.85,7.2,606.0,11975.94,0.314,0,MORTGAGE,education,0
28,40289.4,1.1,543.0,16851.57,0.411,2,MORTGAGE,education,1
49,79721.86,1.3,708.0,20171.92,0.214,0,MORTGAGE,home_improvement,0
43,76826.2,3.7,753.0,13274.66,0.151,2,MORTGAGE,debt_consolidation,0
65,67182.76,0.9,850.0,8016.31,0.106,2,OWN,medical,0
51,33153.74,1.8,554.0,22051.26,0.746,3,RENT,debt_consolidation,1
60,48671.83,1.9,706.0,20769.08,0.474,1,MORTGAGE,education,1
69,79261.95,0.9,617.0,7669.81,0.143,4,MORTGAGE,debt_consolidation,0
34,57834.34,1.1,713.0,25843.54,0.465,0,MORTGAGE,business,0
50,101386.59,7.8,532.0,24361.59,0.184,1,OWN,business,1
59,62866.36,,549.0,16074.37,0.254,1,RENT,education,1
47,58840.98,0.1,588.0,15636.78,0.314,2,MORTGAGE,debt_consolidation,0
67,48817.67,5.0,656.0,19432.46,0.335,0,MORTGAGE,medical,1
36,57670.82,18.6,599.0,8106.38,0.172,3,RENT,education,0
26,51950.6,2.0,703.0,15240.25,0.409,0,RENT,business,0
53,69162.17,0.6,732.0,1000.0,0.068,1,OWN,education,0
64,74134.05,4.2,698.0,22011.65,0.368,2,RENT,debt_consolidation,1
38,39280.21,,780.0,2508.05,0.075,1,RENT,debt_consolidation,0
36,28375.34,7.7,683.0,27027.36,1.001,2,RENT,debt_consolidation,1
32,18275.89,4.9,553.0,12359.04,0.64,1,MORTGAGE,home_improvement,1
40,65159.83,1.9,759.0,13306.66,0.244,1,RENT,debt_consolidation,0
65,32932.67,3.9,602.0,9978.13,0.336,2,OWN,business,0
60,15000.0,0.5,723.0,12695.69,0.861,0,MORTGAGE,business,0
49,62771.57,5.7,776.0,26348.25,0.486,1,MORTGAGE,home_improvement,0
50,104859.99,6.5,687.0,1000.0,-0.017,2,MORTGAGE,business,0
46,54878.58,16.8,530.0,25215.72,0.45,0,OWN,business,0
42,71769.82,1.5,577.0,17704.19,0.251,0,MORTGAGE,education,1
53,56636.59,0.1,756.0,5343.83,0.043,1,RENT,debt_consolidation,0
59,53022.21,3.9,,6397.5,0.132,1,MORTGAGE,education,0
67,73381.53,6.1,656.0,28411.14,0.301,6,OWN,education,0
49,49194.51,7.8,711.0,7435.94,0.204,0,RENT,business,0
42,60347.85,1.1,706.0,5773.2,0.098,0,OWN,medical,0
65,61433.96,1.5,672.0,24098.52,0.366,2,RENT,debt_consolidation,1
33,41638.19,3.6,633.0,17708.42,0.384,3,MORTGAGE,medical,0
29,74840.85,2.0,625.0,7496.6,0.088,2,RENT,business,1
44,51500.8,9.8,719.0,16733.0,0.359,1,OWN,home_improvement,0
35,39885.1,3.2,694.0,6793.98,0.198,0,RENT,education,0
56,65730.2,8.0,,23806.57,0.327,3,RENT,business,1
33,37030.64,4.3,737.0,23490.97,0.592,1,MORTGAGE,business,0
47,55563.62,7.4,640.0,19256.05,0.379,0,MORTGAGE,medical,1
64,54817.62,2.0,582.0,17893.29,0.29,1,MORTGAGE,home_improvement,0
57,76717.91,8.9,589.0,29089.5,0.382,0,RENT,education,0
27,64493.96,,572.0,14997.49,0.239,1,RENT,home_improvement,1
28,54499.46,3.9,628.0,5545.01,0.117,3,OWN,home_improvement,0
57,71355.33,1.2,749.0,18595.79,0.304,1,OWN,home_improvement,0
61,82804.15,3.2,586.0,31688.38,0.32,2,RENT,debt_consolidation,0
34,66156.21,1.9,665.0,6881.92,0.008,2,MORTGAGE,home_improvement,0
32,55207.05,1.6,597.0,12108.3,0.191,1,RENT,business,0
56,28763.28,17.1,629.0,18331.57,0.727,0,RENT,debt_consolidation,1
60,33697.73,0.9,529.0,14568.76,0.533,1,RENT,debt_consolidation,0
37,48895.51,7.7,632.0,7141.57,0.238,2,OWN,home_improvement,1
60,42809.76,20.7,635.0,23974.86,0.55,1,MORTGAGE,business,0
49,51260.57,0.1,693.0,33560.33,0.566,0,OWN,education,1
47,56133.0,6.0,668.0,16569.05,0.178,0,OWN,home_improvement,0
21,65593.86,1.5,554.0,7767.45,0.088,1,RENT,debt_consolidation,1
54,53590.02,0.2,737.0,2608.32,0.039,1,MORTGAGE,education,0
24,64730.03,2.6,667.0,17063.81,0.329,2,MORTGAGE,education,0
44,56289.49,13.7,666.0,23831.02,0.467,1,MORTGAGE,debt_consolidation,0
41,15490.67,0.1,649.0,18801.34,1.225,0,RENT,education,1
53,36213.29,4.4,609.0,14980.77,0.369,1,OWN,business,1
27,52118.25,3.5,667.0,10285.83,0.149,0,OWN,business,0
21,30806.11,10.3,688.0,6262.69,0.216,0,MORTGAGE,home_improvement,0
61,66998.57,0.4,,21678.01,0.358,1,MORTGAGE,home_improvement,1
23,85615.02,5.7,607.0,22310.17,0.28,0,MORTGAGE,education,0
64,79375.24,5.7,630.0,2634.16,-0.019,1,RENT,debt_consolidation,0
35,50731.14,5.5,670.0,27718.71,0.579,2,MORTGAGE,business,0
51,84814.52,14.3,745.0,19592.57,0.252,3,OWN,medical,1
36,57973.35,8.7,588.0,26196.76,0.398,3,MORTGAGE,home_improvement,0
30,48258.28,0.2,610.0,4262.98,0.049,0,OWN,business,0
49,42731.95,3.2,609.0,4073.41,0.13,2,RENT,education,0
26,48950.61,2.5,586.0,13808.25,0.27,3,OWN,business,0
49,47236.46,1.9,622.0,19022.28,0.482,2,RENT,business,1
37,58408.32,3.0,712.0,29370.89,0.528,1,RENT,education,1
42,58211.48,2.4,566.0,20648.63,0.33,1,MORTGAGE,home_improvement,0
44,55060.92,2.8,684.0,13058.55,0.237,0,RENT,home_improvement,0
37,63738.76,19.4,514.0,6789.05,0.11,2,RENT,medical,0
41,78812.93,0.5,605.0,24840.0,0.279,0,RENT,medical,0
31,73991.08,12.8,624.0,7282.36,0.053,1,OWN,home_improvement,0
27,25302.04,3.3,784.0,28027.75,1.143,1,MORTGAGE,home_improvement,1
62,15000.0,4.9,628.0,12724.92,0.891,2,RENT,home_improvement,1
59,73686.4,8.9,474.0,27724.66,0.406,0,RENT,home_improvement,0
25,27662.43,2.2,490.0,20431.45,0.814,3,MORTGAGE,business,1
64,50504.69,2.8,653.0,13904.04,0.248,1,MORTGAGE,medical,0
68,31597.74,2.6,699.0,10844.83,0.427,0,RENT,education,0
41,18960.39,2.3,680.0,12272.74,0.602,0,MORTGAGE,debt_consolidation,0
38,65829.25,13.0,663.0,18426.53,0.229,1,MORTGAGE,education,0
55,70183.1,8.8,743.0,15617.25,0.135,4,MORTGAGE,debt_consolidation,0
40,43469.79,0.6,607.0,10249.51,0.213,1,OWN,business,0
35,15000.0,0.6,722.0,13674.95,0.886,0,MORTGAGE,medical,0
25,44075.11,2.8,519.0,15628.62,0.381,1,RENT,debt_consolidation,1
33,62836.08,0.5,578.0,1000.0,0.028,3,RENT,home_improvement,1
32,25421.77,4.8,505.0,18665.34,0.675,1,RENT,business,1
41,58667.2,0.8,628.0,7162.23,0.102,1,OWN,debt_consolidation,0
57,54693.8,3.7,646.0,5773.34,0.087,1,MORTGAGE,home_improvement,1
26,66585.83,0.0,659.0,1501.25,-0.066,0,OWN,business,1
27,57391.61,1.9,655.0,1000.0,-0.032,1,RENT,debt_consolidation,0
46,35538.62,5.7,576.0,4156.42,0.078,1,OWN,home_improvement,0
62,78931.43,3.3,635.0,9327.83,0.19,1,OWN,medical,1
68,51829.41,19.1,530.0,30626.07,0.6,0,MORTGAGE,business,0
28,54453.91,10.4,759.0,10792.96,0.231,2,OWN,debt_consolidation,0
29,36334.64,2.2,626.0,16422.0,0.377,0,OWN,home_improvement,0
47,46134.35,0.2,611.0,18203.85,0.454,1,MORTGAGE,medical,0
24,37303.95,9.3,777.0,16048.52,0.495,1,MORTGAGE,home_improvement,0
41,51541.08,12.1,551.0,14380.45,0.179,1,OWN,medical,0
51,89234.17,8.6,560.0,5437.65,0.026,1,RENT,debt_consolidation,0
41,27561.98,0.7,562.0,26607.42,0.99,4,MORTGAGE,home_improvement,1
60,22728.77,30.9,,29457.57,1.328,0,MORTGAGE,home_improvement,1
45,84423.41,1.5,685.0,1538.73,-0.016,0,MORTGAGE,education,0
59,50813.53,6.4,709.0,6807.77,0.119,1,MORTGAGE,business,0
35,41618.55,11.9,850.0,12761.52,0.277,0,MORTGAGE,home_improvement,0
55,75798.09,1.3,470.0,7283.7,0.102,1,MORTGAGE,medical,0
69,42887.69,11.9,699.0,19047.72,0.504,0,MORTGAGE,business,0
63,91520.19,1.9,605.0,9173.82,0.062,0,RENT,debt_consolidation,0
61,68558.52,18.7,,32320.45,0.521,1,OWN,business,0
57,45241.77,1.7,600.0,24524.39,0.503,2,OWN,education,1
62,98146.16,15.3,577.0,16700.59,0.128,0,RENT,debt_consolidation,0
67,42885.7,0.3,785.0,23215.89,0.582,1,MORTGAGE,home_improvement,0
48,69841.91,6.2,717.0,23847.2,0.388,1,MORTGAGE,debt_consolidation,1
34,60985.85,3.8,652.0,10488.42,0.215,0,MORTGAGE,debt_consolidation,0
24,81034.83,3.2,758.0,8470.26,0.039,2,MORTGAGE,education,0
40,86230.22,1.3,529.0,15625.14,0.158,2,RENT,medical,0
54,55640.08,6.1,544.0,21893.09,0.435,3,MORTGAGE,debt_consolidation,1
32,39931.64,1.1,476.0,16112.48,0.406,0,OWN,medical,0
53,64199.44,4.0,594.0,2384.03,-0.017,3,RENT,business,0
44,41445.69,1.5,663.0,8577.4,0.23,1,RENT,education,0
40,95267.74,15.6,658.0,14408.22,0.115,1,MORTGAGE,home_improvement,0
25,57730.71,0.1,662.0,14394.68,0.339,3,OWN,debt_consolidation,0
58,47693.57,1.1,537.0,30780.34,0.723,0,MORTGAGE,medical,1
50,58693.61,1.4,714.0,3912.1,0.097,1,OWN,debt_consolidation,0
44,28057.47,2.7,669.0,19044.71,0.747,1,RENT,education,1
63,35567.72,1.3,709.0,26912.9,0.76,2,RENT,home_improvement,1
60,79008.28,3.4,499.0,33171.6,0.458,2,RENT,business,1
27,41862.11,10.3,675.0,11764.82,0.355,3,MORTGAGE,business,0
56,34061.78,6.2,555.0,18931.44,0.568,1,RENT,medical,1
58,65733.06,4.3,618.0,19558.08,0.285,0,MORTGAGE,business,0
36,78714.08,0.5,693.0,16563.85,0.125,1,MORTGAGE,medical,0
35,69379.07,5.9,657.0,14209.24,0.201,3,MORTGAGE,home_improvement,0
66,74920.95,0.9,582.0,18487.8,0.288,2,OWN,debt_consolidation,1
43,39864.1,7.7,651.0,1000.0,0.072,0,MORTGAGE,education,0
32,26563.79,1.4,527.0,20456.56,0.795,2,RENT,home_improvement,1
49,85026.67,2.7,742.0,16009.42,0.161,3,RENT,home_improvement,0
64,48546.4,2.2,634.0,13220.2,0.173,1,RENT,business,0
68,49983.34,9.8,739.0,31374.9,0.603,1,MORTGAGE,business,1
35,81563.88,0.7,608.0,9600.53,0.102,2,RENT,education,0
49,66124.6,4.2,608.0,11775.39,0.162,3,OWN,debt_consolidation,1
65,64117.76,0.8,589.0,30932.43,0.513,2,RENT,home_improvement,0
63,98300.05,6.1,720.0,8343.51,0.184,2,RENT,business,0
69,42129.64,11.8,593.0,10599.08,0.258,1,RENT,home_improvement,0
41,73556.8,2.9,702.0,13823.8,0.177,0,MORTGAGE,debt_consolidation,0
35,56140.26,3.3,619.0,21725.88,0.374,0,OWN,medical,0
34,60371.85,13.1,492.0,16662.42,0.282,1,MORTGAGE,debt_consolidation,0
62,85569.37,3.7,604.0,4659.0,0.013,2,MORTGAGE,home_improvement,0
64,65156.72,3.3,556.0,10742.65,0.171,1,MORTGAGE,home_improvement,1
36,65765.92,4.3,653.0,10141.16,0.177,0,OWN,education,0
35,76450.15,5.8,555.0,14382.23,0.199,3,OWN,home_improvement,0
62,47700.95,0.6,724.0,18406.75,0.409,3,OWN,business,0
24,38215.81,8.6,643.0,18345.65,0.502,3,OWN,education,1
47,34103.82,2.9,636.0,1000.0,-0.059,1,MORTGAGE,home_improvement,0
43,15672.87,0.4,702.0,23511.53,1.532,1,OWN,debt_consolidation,0
49,96124.14,7.7,727.0,17020.55,0.144,0,MORTGAGE,home_improvement,0
61,32935.83,2.4,648.0,26076.26,0.737,1,MORTGAGE,debt_consolidation,1
29,50574.93,0.5,588.0,18553.59,0.312,0,RENT,debt_consolidation,0
63,49463.73,5.0,508.0,23810.58,0.503,1,MORTGAGE,home_improvement,0
63,61148.13,10.6,595.0,18732.36,0.295,3,RENT,debt_consolidation,0
27,71314.74,10.9,601.0,25769.81,0.277,2,OWN,medical,0
62,72209.47,15.8,659.0,19178.01,0.289,2,MORTGAGE,education,0
24,43338.45,10.1,,14216.68,0.256,0,MORTGAGE,home_improvement,0
25,51657.57,0.0,705.0,33179.48,0.649,0,RENT,medical,0
25,60651.6,2.4,601.0,22112.3,0.377,1,RENT,debt_consolidation,0
31,50026.18,8.5,645.0,19589.96,0.436,0,RENT,debt_consolidation,0
61,87146.91,2.3,745.0,4789.56,0.144,1,RENT,education,0
48,64819.5,4.6,677.0,4693.54,0.004,1,MORTGAGE,medical,0
36,69697.56,4.7,645.0,17341.72,0.246,1,MORTGAGE,medical,0
61,68257.63,2.3,602.0,16164.17,0.223,1,MORTGAGE,home_improvement,0
50,78469.48,11.7,599.0,10087.02,0.15,2,MORTGAGE,debt_consolidation,0
24,58620.43,3.5,582.0,16127.86,0.286,3,RENT,business,1
22,29063.36,3.1,607.0,27709.02,0.936,1,RENT,home_improvement,1
66,62993.76,30.0,710.0,20563.22,0.304,0,RENT,home_improvement,0
23,41972.86,3.4,632.0,5871.93,0.084,3,MORTGAGE,home_improvement,0
41,44427.67,1.0,542.0,14107.93,0.367,1,MORTGAGE,education,0
26,66727.28,3.6,791.0,8560.27,0.151,0,MORTGAGE,education,0
63,79765.66,,676.0,11898.4,0.195,0,RENT,home_improvement,0
38,55425.43,,537.0,11691.07,0.195,1,RENT,business,0
64,61176.66,,615.0,11178.84,0.15,2,MORTGAGE,medical,0
25,89044.3,6.2,659.0,4958.92,0.002,0,RENT,medical,0
29,59815.06,1.5,786.0,13978.76,0.252,3,MORTGAGE,debt_consolidation,0
40,107033.66,9.9,561.0,10515.14,0.046,1,RENT,medical,0
48,66310.19,11.2,728.0,1000.0,0.108,3,RENT,medical,0
46,19784.74,1.1,762.0,31423.78,1.523,1,MORTGAGE,business,1
38,70066.83,0.7,600.0,23710.16,0.352,0,RENT,medical,1
39,62623.17,18.6,628.0,11989.59,0.27,2,MORTGAGE,business,0
23,80795.06,10.1,567.0,15150.55,0.217,0,MORTGAGE,education,0
29,68463.63,11.2,634.0,5626.77,0.091,1,OWN,business,0
56,52230.88,10.9,647.0,28565.78,0.498,0,MORTGAGE,education,0
51,30514.04,3.9,703.0,30178.31,0.92,0,OWN,business,1
69,50819.53,5.2,737.0,16253.55,0.358,2,RENT,home_improvement,0
37,37989.59,3.9,590.0,23188.25,0.686,1,MORTGAGE,education,1
43,43389.53,0.3,493.0,16402.29,0.356,1,OWN,education,1
54,66771.57,6.8,648.0,4306.2,0.008,3,RENT,medical,0
61,88398.09,3.5,673.0,11705.41,0.01,1,MORTGAGE,education,0
61,62893.43,5.2,670.0,16055.42,0.206,1,OWN,business,1
25,31082.34,3.5,624.0,11363.62,0.36,0,MORTGAGE,home_improvement,0
35,63892.05,3.4,660.0,13250.77,0.287,2,MORTGAGE,home_improvement,0
67,78932.63,0.9,771.0,14268.8,0.214,3,OWN,medical,0
23,42804.34,1.6,681.0,14352.97,0.351,1,OWN,business,0
39,52319.66,0.9,620.0,15418.07,0.275,4,OWN,business,0
48,55293.76,1.1,610.0,6515.16,0.089,0,OWN,debt_consolidation,0
23,39302.03,18.1,636.0,9263.87,0.306,0,MORTGAGE,education,0
58,67965.61,0.8,781.0,4723.33,0.08,1,MORTGAGE,medical,0
24,52581.04,1.6,635.0,22822.52,0.329,1,RENT,home_improvement,1
44,63390.65,4.5,648.0,1000.0,-0.018,3,OWN,debt_consolidation,0
51,37250.16,4.7,611.0,24228.72,0.608,0,MORTGAGE,business,0
65,46250.83,0.8,738.0,26090.8,0.537,2,OWN,education,0
65,69447.63,7.9,807.0,12582.56,0.209,0,MORTGAGE,home_improvement,0
31,47543.34,7.7,686.0,1000.0,0.016,0,MORTGAGE,debt_consolidation,0
57,89539.28,1.4,657.0,12109.52,0.131,3,RENT,business,1
21,47007.28,1.7,653.0,14486.53,0.374,2,RENT,home_improvement,0
29,59493.69,13.9,459.0,6915.21,0.081,4,MORTGAGE,home_improvement,0
37,73651.82,8.7,710.0,10878.25,0.241,2,OWN,business,0
21,26632.69,6.0,661.0,27241.56,0.989,1,OWN,business,1
23,19783.82,0.4,684.0,20319.42,1.032,2,MORTGAGE,medical,0
67,24486.87,2.7,593.0,7603.49,0.296,2,MORTGAGE,home_improvement,1
46,80251.68,4.1,619.0,2219.21,0.034,2,RENT,business,0
51,43962.84,1.0,617.0,12383.86,0.304,1,RENT,debt_consolidation,0
46,106163.99,3.0,732.0,13292.35,0.147,1,RENT,education,0
43,43715.05,4.6,620.0,18969.59,0.396,2,OWN,medical,1
50,58691.03,2.0,817.0,10717.47,0.126,1,RENT,business,0
30,85842.2,7.6,684.0,19092.0,0.348,4,OWN,education,0
28,95121.86,9.2,548.0,30481.23,0.296,2,RENT,medical,1
64,96230.07,2.0,640.0,21524.01,0.259,2,OWN,home_improvement,0
45,79167.32,9.1,598.0,14615.29,0.104,1,RENT,education,0
42,75481.25,0.5,474.0,13534.8,0.165,1,OWN,medical,1
35,66850.54,9.1,778.0,12146.61,0.175,1,OWN,business,0
61,70567.22,0.8,706.0,24445.13,0.37,1,RENT,business,1
30,43976.29,0.4,693.0,9981.49,0.091,3,MORTGAGE,medical,0
40,38636.02,5.1,663.0,15361.78,0.406,0,RENT,home_improvement,0
61,54932.51,3.2,539.0,15409.58,0.223,2,MORTGAGE,medical,1
67,51596.31,11.9,611.0,10985.73,0.229,0,MORTGAGE,debt_consolidation,0
43,45935.44,2.3,717.0,4020.28,0.036,0,OWN,medical,0
21,68927.75,1.7,566.0,17583.8,0.212,0,MORTGAGE,medical,0
22,74106.1,3.5,447.0,14511.97,0.182,0,RENT,business,0
39,56768.14,3.0,632.0,19001.92,0.282,3,OWN,home_improvement,0
34,84550.6,2.1,639.0,10731.2,0.103,3,OWN,medical,1
28,32166.22,5.9,661.0,24766.57,0.71,2,RENT,education,1
58,51126.81,7.1,708.0,7985.81,0.065,3,OWN,business,0
32,40663.55,9.6,701.0,28696.32,0.757,1,RENT,business,1
46,17669.27,18.0,671.0,1018.91,-0.007,1,MORTGAGE,medical,0
47,53346.39,1.6,746.0,18478.16,0.337,2,MORTGAGE,education,0
49,52565.05,6.3,528.0,18803.45,0.395,1,RENT,medical,1
35,85268.99,2.5,690.0,8635.54,0.071,0,RENT,education,0
66,67616.23,5.7,700.0,18395.15,0.231,1,OWN,business,0
21,34516.26,3.2,551.0,25236.15,0.742,1,OWN,education,1
63,92081.85,25.4,530.0,1000.0,0.067,0,MORTGAGE,medical,1
48,79420.67,6.5,590.0,19021.96,0.181,2,OWN,debt_consolidation,1
23,66641.95,15.2,597.0,1000.0,0.007,3,RENT,debt_consolidation,0
38,50470.32,9.0,,7274.68,0.058,2,MORTGAGE,education,0
54,35811.22,11.7,601.0,28033.33,0.763,5,MORTGAGE,medical,1
52,47555.86,8.4,581.0,10345.74,0.219,3,OWN,home_improvement,1
49,76774.97,3.1,601.0,5608.96,0.03,2,OWN,debt_consolidation,1
45,92691.73,1.5,739.0,13416.5,0.122,5,RENT,business,0
46,85864.87,2.3,651.0,31543.25,0.297,1,RENT,medical,0
59,45223.01,0.1,636.0,1000.0,0.026,1,RENT,medical,0
28,32607.65,3.7,641.0,6589.52,0.255,0,OWN,debt_consolidation,0
39,57817.72,3.5,753.0,26979.45,0.412,1,MORTGAGE,home_improvement,1
67,19631.21,3.7,590.0,29861.62,1.49,2,OWN,business,1
62,61463.35,18.3,755.0,14172.55,0.256,0,RENT,home_improvement,0
42,52047.95,12.1,667.0,5087.58,0.158,3,RENT,business,0
49,45679.27,0.9,637.0,31766.75,0.621,2,RENT,debt_consolidation,1
53,23105.94,2.3,850.0,27755.54,1.193,0,OWN,medical,0
58,65272.0,2.8,566.0,20431.58,0.327,1,OWN,business,0
65,44345.98,2.2,622.0,8500.78,0.187,0,RENT,medical,0
66,31601.66,8.0,551.0,14607.77,0.338,3,OWN,education,1
55,15000.0,3.7,726.0,13717.12,0.94,1,RENT,education,1
63,54449.7,4.2,785.0,17646.81,0.4,2,RENT,debt_consolidation,0
23,90445.03,9.6,784.0,26608.01,0.3,0,RENT,debt_consolidation,0
39,88225.18,8.2,748.0,22035.34,0.198,2,RENT,debt_consolidation,0
30,45858.07,0.7,634.0,6380.99,0.113,3,RENT,education,0
47,42955.76,6.3,621.0,26011.97,0.694,2,RENT,business,0
35,64375.49,2.9,516.0,17505.06,0.317,0,MORTGAGE,home_improvement,0
31,35032.29,1.7,813.0,20496.53,0.617,0,MORTGAGE,debt_consolidation,1
67,61035.84,0.3,688.0,26732.33,0.456,1,OWN,home_improvement,0
46,70321.61,3.3,611.0,6107.36,0.054,2,MORTGAGE,home_improvement,1
44,79538.66,2.2,756.0,14713.4,0.175,0,RENT,education,0
33,52996.92,1.4,572.0,10748.36,0.199,1,MORTGAGE,business,0
52,50926.52,5.9,683.0,2457.12,0.076,3,RENT,education,0
57,37440.35,7.3,636.0,17773.68,0.55,0,OWN,debt_consolidation,0
24,38462.39,1.4,701.0,35092.45,0.968,1,OWN,education,1
33,50470.42,0.3,645.0,1000.0,-0.051,2,RENT,education,0
29,62347.31,9.4,534.0,14741.76,0.248,1,MORTGAGE,education,0
69,73271.69,0.1,656.0,20124.34,0.311,2,RENT,debt_consolidation,0
54,38936.42,13.8,734.0,15984.63,0.441,1,RENT,debt_consolidation,0
57,84853.77,4.9,648.0,14094.98,0.135,0,RENT,education,0
68,49577.53,1.9,712.0,4606.27,0.239,0,RENT,education,0
27,54572.65,1.4,566.0,16862.29,0.245,2,RENT,home_improvement,0
21,40055.77,0.0,648.0,8945.89,0.169,0,RENT,business,0
32,15000.0,1.3,600.0,1000.0,0.078,0,RENT,home_improvement,0
41,72680.91,0.7,710.0,24556.74,0.444,0,MORTGAGE,business,0
31,69736.88,4.7,653.0,22667.09,0.283,1,RENT,business,0
64,49373.45,0.9,705.0,15413.29,0.299,0,RENT,education,0
64,56339.81,3.8,737.0,16832.6,0.353,3,OWN,home_improvement,0
64,65318.78,4.5,705.0,23594.54,0.36,1,MORTGAGE,business,0
34,23749.08,1.8,672.0,16794.72,0.69,0,RENT,business,0
54,44418.95,0.2,570.0,22232.14,0.529,0,RENT,debt_consolidation,1
54,70885.29,0.2,650.0,12620.14,0.192,2,MORTGAGE,business,0
45,29914.21,0.1,607.0,25495.87,0.904,2,RENT,education,1
24,60871.16,6.7,622.0,17566.29,0.353,3,OWN,medical,0
46,27868.36,1.9,620.0,16552.42,0.609,0,RENT,debt_consolidation,0
36,64328.6,8.0,572.0,4839.51,0.09,0,MORTGAGE,medical,0
30,54287.17,2.8,493.0,17295.65,0.329,4,MORTGAGE,education,0
65,22697.36,3.0,597.0,8344.36,0.392,3,MORTGAGE,medical,0
22,78294.79,,665.0,9893.74,0.129,0,RENT,business,0
55,40308.17,6.2,542.0,8476.99,0.21,2,OWN,medical,0
39,38794.95,1.6,651.0,6470.12,0.227,3,RENT,home_improvement,0
26,59011.38,0.6,802.0,31998.17,0.618,1,MORTGAGE,education,0
39,77972.75,4.1,732.0,25650.71,0.254,1,MORTGAGE,home_improvement,0
28,34683.56,2.0,781.0,30362.94,0.876,2,OWN,medical,1
34,56233.6,2.9,681.0,5216.84,0.058,2,MORTGAGE,home_improvement,0
30,63576.33,5.2,743.0,15570.03,0.229,0,RENT,debt_consolidation,0
23,68862.11,3.4,592.0,4651.94,0.088,0,OWN,medical,1
58,58528.83,4.8,598.0,9434.44,0.195,0,OWN,home_improvement,1
49,47659.44,3.9,431.0,7654.98,0.155,2,RENT,business,0
35,38448.2,6.7,745.0,24916.67,0.552,1,RENT,medical,1
43,56722.88,6.1,773.0,11830.16,0.16,0,RENT,debt_consolidation,0
43,33557.22,3.8,606.0,23547.03,0.747,1,MORTGAGE,business,0
38,15000.0,5.7,630.0,19832.97,1.185,2,MORTGAGE,medical,1
66,63731.2,10.3,590.0,33429.11,0.584,0,MORTGAGE,business,0
39,73078.7,,681.0,3164.45,0.069,3,MORTGAGE,medical,0
48,15000.0,2.7,740.0,25073.87,1.737,3,OWN,medical,1
46,34805.39,7.2,511.0,24171.53,0.685,4,RENT,education,0
30,67383.09,4.4,683.0,7212.97,0.004,0,MORTGAGE,home_improvement,1
67,96149.91,0.4,628.0,23057.07,0.261,0,OWN,medical,0
24,55415.87,11.1,,17689.16,0.383,2,MORTGAGE,debt_consolidation,0
22,40439.94,0.2,687.0,13180.19,0.372,2,MORTGAGE,home_improvement,0
23,51342.07,6.9,635.0,8408.52,0.131,0,MORTGAGE,education,0
27,82497.53,7.1,642.0,9247.12,0.116,1,RENT,home_improvement,0
36,42080.72,15.3,633.0,31398.5,0.72,1,RENT,home_improvement,0
51,39016.16,,728.0,15005.46,0.344,3,MORTGAGE,medical,0
30,45345.13,4.5,684.0,21257.04,0.517,1,MORTGAGE,debt_consolidation,1
39,35933.43,2.8,668.0,8672.8,0.181,1,MORTGAGE,medical,0
48,57453.41,2.0,548.0,8761.18,0.108,2,OWN,debt_consolidation,0
37,87493.57,0.5,620.0,23655.88,0.215,0,RENT,debt_consolidation,0
48,61461.59,4.1,722.0,4203.39,-0.006,2,MORTGAGE,business,0
39,49952.93,3.3,653.0,11678.29,0.241,1,MORTGAGE,medical,0
57,49163.77,0.6,703.0,15272.22,0.369,1,OWN,education,0
43,23736.18,4.7,791.0,15890.98,0.66,2,RENT,home_improvement,1
40,72662.2,6.7,733.0,13567.25,0.111,1,MORTGAGE,business,0
33,53443.26,7.3,657.0,18166.56,0.382,1,OWN,education,0
33,51390.4,11.8,609.0,20542.85,0.484,0,MORTGAGE,medical,1
63,118862.15,2.6,446.0,20877.1,0.143,0,RENT,debt_consolidation,1
31,60975.06,15.3,637.0,7113.57,0.093,1,RENT,medical,0
68,39964.18,10.0,624.0,12726.76,0.344,3,MORTGAGE,medical,0
35,46472.85,1.8,681.0,24558.1,0.61,0,RENT,business,0
37,77968.91,0.9,638.0,22157.18,0.258,2,OWN,education,1
48,57265.41,2.9,624.0,4017.12,0.004,2,OWN,business,0
39,26234.44,2.6,508.0,17811.84,0.711,3,MORTGAGE,education,1
24,73384.58,4.3,575.0,1000.0,0.054,2,RENT,business,0
42,41637.12,4.4,688.0,15375.48,0.37,1,RENT,home_improvement,0
42,92465.96,,787.0,30182.14,0.299,0,MORTGAGE,debt_consolidation,0
57,76600.96,,642.0,7416.86,0.147,1,OWN,debt_consolidation,0
59,46053.56,0.6,676.0,8325.42,0.207,2,RENT,debt_consolidation,0
54,80620.33,9.8,726.0,21112.24,0.223,0,RENT,home_improvement,0
53,56357.11,1.9,585.0,2657.59,0.05,4,MORTGAGE,home_improvement,0
64,72055.47,17.8,679.0,9937.96,0.07,2,RENT,debt_consolidation,0
62,64694.66,0.6,591.0,19771.53,0.34,2,OWN,debt_consolidation,1
60,38072.87,15.9,719.0,9925.71,0.248,3,OWN,education,0
53,42129.0,0.5,662.0,13112.24,0.289,1,MORTGAGE,education,1
32,75599.22,1.3,674.0,20953.49,0.276,3,MORTGAGE,medical,0
22,48304.49,0.2,587.0,18372.37,0.382,0,OWN,business,0
48,46927.03,6.1,707.0,17134.55,0.41,5,RENT,education,1
30,35897.55,9.5,817.0,12287.02,0.372,1,MORTGAGE,education,0
42,63471.98,2.8,569.0,17960.49,0.275,2,OWN,education,0
37,96250.5,13.2,623.0,14010.14,0.184,0,MORTGAGE,education,0
46,33649.34,4.5,669.0,18662.44,0.575,0,OWN,home_improvement,1
23,55484.39,5.0,713.0,11024.54,0.177,1,MORTGAGE,medical,0
27,83244.41,9.3,605.0,13539.45,0.156,0,RENT,education,0
64,53407.17,1.8,423.0,7080.34,0.125,1,MORTGAGE,business,0
28,64047.44,2.2,759.0,14719.94,0.255,2,RENT,education,0
40,33752.13,11.8,711.0,8511.99,0.234,0,RENT,home_improvement,0
32,63566.14,11.6,511.0,6087.63,0.076,1,RENT,debt_consolidation,0
55,51257.11,18.8,601.0,17069.29,0.431,2,RENT,debt_consolidation,0
37,74714.6,11.6,775.0,16701.92,0.271,1,RENT,medical,0
48,78747.72,0.7,766.0,21262.99,0.232,4,RENT,debt_consolidation,0
61,106791.27,8.7,725.0,11551.0,0.137,3,MORTGAGE,education,0
30,66592.66,2.6,636.0,18264.42,0.28,3,RENT,home_improvement,1
42,61515.93,23.4,657.0,19406.38,0.335,0,MORTGAGE,medical,0
58,58887.69,3.2,640.0,18558.19,0.322,1,RENT,education,0
53,47936.67,4.0,740.0,8394.77,0.235,1,OWN,debt_consolidation,0
42,61769.68,3.8,580.0,16194.91,0.279,3,OWN,business,1
64,49091.97,1.9,586.0,17913.12,0.362,3,MORTGAGE,education,1
57,58369.22,0.4,731.0,15057.43,0.31,2,MORTGAGE,business,0
33,81351.95,11.3,646.0,1000.0,0.024,6,OWN,business,0
47,34869.15,8.1,760.0,16283.92,0.473,1,MORTGAGE,medical,0
35,77797.57,0.8,596.0,32700.25,0.436,0,RENT,home_improvement,1
42,81342.3,7.5,646.0,12119.69,0.144,0,OWN,debt_consolidation,0
50,52638.63,4.9,576.0,9175.38,0.175,0,RENT,debt_consolidation,0
63,15000.0,2.6,651.0,17986.79,1.17,2,RENT,education,1
60,42843.56,1.5,532.0,17499.03,0.371,4,RENT,debt_consolidation,0
57,80939.89,9.8,611.0,24541.88,0.253,1,MORTGAGE,medical,0
54,54542.64,6.0,535.0,4937.05,0.021,0,OWN,debt_consolidation,0
64,35013.96,4.0,706.0,20851.04,0.552,2,MORTGAGE,education,0
54,44904.5,4.7,707.0,19723.38,0.431,0,OWN,debt_consolidation,0
68,71812.4,0.5,512.0,13862.83,0.198,0,RENT,home_improvement,0
55,65934.67,3.2,757.0,17709.5,0.255,1,MORTGAGE,business,0
62,50221.36,1.1,850.0,23235.66,0.345,1,MORTGAGE,business,0
39,47663.51,1.2,654.0,21978.52,0.54,1,MORTGAGE,business,0
28,47164.84,5.4,599.0,5855.85,0.178,1,OWN,home_improvement,0
59,36551.8,12.1,850.0,21561.27,0.612,3,MORTGAGE,medical,0
53,87307.51,2.6,544.0,14482.49,0.261,1,MORTGAGE,education,0
64,48553.59,1.2,652.0,15582.99,0.272,1,RENT,home_improvement,0
48,79343.17,5.2,664.0,15585.58,0.291,2,RENT,education,0
57,85426.32,10.2,,13798.06,0.113,1,RENT,medical,0
68,74966.22,6.9,679.0,24533.66,0.339,1,RENT,home_improvement,0
45,46367.59,,610.0,14330.26,0.245,1,OWN,debt_consolidation,1
56,63074.6,3.8,574.0,6043.63,0.097,0,MORTGAGE,medical,0
37,54516.09,7.0,623.0,11851.76,0.237,2,OWN,business,1
44,36925.96,0.8,569.0,16429.56,0.437,0,MORTGAGE,home_improvement,0
41,61487.19,2.1,654.0,24833.72,0.44,2,MORTGAGE,medical,0
22,31419.2,2.5,605.0,19824.76,0.636,1,RENT,medical,1
51,78753.59,3.6,530.0,8195.72,0.078,2,RENT,home_improvement,0
64,45707.65,13.2,750.0,34881.52,0.735,0,OWN,business,0
53,59023.19,10.4,610.0,17118.2,0.331,2,MORTGAGE,business,1
50,60665.76,0.7,549.0,25203.13,0.383,3,MORTGAGE,medical,0
32,49821.9,0.9,637.0,13786.28,0.322,2,RENT,education,0
64,66733.88,2.2,655.0,19266.87,0.35,0,MORTGAGE,medical,0
32,45501.93,1.7,510.0,21715.75,0.394,1,RENT,home_improvement,1
69,72425.95,4.8,677.0,24745.56,0.398,0,MORTGAGE,home_improvement,1
44,28080.41,11.7,566.0,23458.95,0.938,2,OWN,home_improvement,1
44,57527.59,16.4,787.0,21977.58,0.395,3,RENT,business,0
31,93778.58,5.3,692.0,12479.31,0.163,1,RENT,debt_consolidation,0
33,34993.37,9.1,618.0,10426.03,0.35,1,RENT,home_improvement,1
47,41445.1,,,17660.86,0.412,1,RENT,home_improvement,1
28,65278.16,1.2,642.0,22465.02,0.353,4,MORTGAGE,education,0
30,58591.64,3.7,699.0,13218.23,0.16,1,RENT,education,0
28,62012.6,4.0,648.0,23521.38,0.386,1,OWN,medical,1
40,64783.74,6.8,633.0,26620.93,0.436,0,RENT,medical,0
28,67694.43,1.2,655.0,7669.43,0.139,1,MORTGAGE,medical,0
29,77194.0,2.3,602.0,8304.63,0.161,1,MORTGAGE,home_improvement,0
27,63196.37,2.3,623.0,13877.0,0.181,2,MORTGAGE,education,1
34,50174.85,16.0,483.0,17460.9,0.321,0,OWN,medical,0
48,68451.47,2.9,728.0,10803.46,0.253,1,RENT,education,0
22,92997.64,7.0,674.0,25817.62,0.27,1,MORTGAGE,home_improvement,1
63,52347.33,6.9,588.0,18392.53,0.361,0,RENT,home_improvement,0
28,35509.41,1.5,802.0,15315.58,0.428,1,RENT,medical,0
33,77141.61,4.2,657.0,3512.72,0.004,2,RENT,home_improvement,0
41,52592.38,11.2,567.0,4473.47,0.166,2,MORTGAGE,home_improvement,1
67,15000.0,3.2,719.0,17248.07,1.123,2,MORTGAGE,education,1
48,71948.43,14.5,682.0,1000.0,-0.042,1,MORTGAGE,debt_consolidation,0
55,44293.44,1.2,682.0,23101.1,0.499,3,OWN,business,0
43,53189.33,0.4,616.0,13734.77,0.158,3,RENT,medical,0
66,61639.61,11.1,686.0,40944.74,0.632,1,MORTGAGE,debt_consolidation,1
35,58809.99,9.4,629.0,33463.33,0.521,0,OWN,medical,0
22,69189.04,24.5,694.0,13548.41,0.227,1,OWN,debt_consolidation,0
32,46290.27,5.7,498.0,14149.3,0.272,0,OWN,home_improvement,0
56,65262.12,13.8,615.0,22964.65,0.396,1,RENT,medical,0
23,49809.07,8.8,788.0,28625.38,0.645,0,RENT,debt_consolidation,0
25,69776.21,9.3,589.0,1895.77,0.066,2,OWN,business,0
23,67307.35,4.2,602.0,1000.0,0.004,1,RENT,home_improvement,1
67,36291.23,2.4,614.0,10023.72,0.283,2,RENT,medical,0
39,76719.64,13.6,553.0,19661.9,0.18,2,MORTGAGE,medical,0
22,44280.73,2.8,473.0,18974.99,0.422,0,OWN,debt_consolidation,0
64,71161.16,3.9,632.0,23558.17,0.288,1,OWN,medical,0
57,62345.75,3.0,661.0,5402.42,0.121,2,MORTGAGE,home_improvement,0
37,91763.67,4.2,646.0,1000.0,0.14,0,MORTGAGE,education,0
34,50530.68,3.2,638.0,21864.11,0.458,1,RENT,debt_consolidation,1
48,48013.66,0.2,653.0,8374.43,0.075,2,MORTGAGE,business,0
47,54611.61,10.7,732.0,1000.0,0.0,1,OWN,medical,0
30,48936.4,2.9,635.0,16160.51,0.336,1,RENT,home_improvement,0
23,70998.84,4.4,604.0,21345.41,0.305,0,RENT,medical,0
56,22673.79,0.7,628.0,14023.54,0.582,0,OWN,business,1
58,33926.35,0.0,696.0,11337.21,0.346,0,MORTGAGE,home_improvement,1
45,33643.94,1.4,763.0,13725.1,0.346,3,RENT,business,0
42,74006.15,6.1,600.0,12035.34,0.115,1,OWN,home_improvement,0
68,89212.27,0.5,658.0,4215.62,0.08,2,MORTGAGE,education,0
59,52911.02,12.0,677.0,9282.55,0.125,0,OWN,home_improvement,0
67,51623.57,1.2,571.0,19170.24,0.398,3,MORTGAGE,business,0
50,56401.04,1.1,652.0,17573.43,0.243,0,MORTGAGE,debt_consolidation,0
41,78237.57,1.0,533.0,16344.48,0.297,1,OWN,education,1
50,36452.94,0.1,508.0,7038.81,0.154,0,MORTGAGE,medical,0
48,59767.38,7.4,,13547.97,0.215,2,RENT,education,0
51,74503.95,10.4,619.0,1000.0,0.03,0,RENT,education,1
46,65021.88,4.8,666.0,16427.81,0.224,1,RENT,medical,0
63,58791.63,1.0,649.0,26430.86,0.457,5,OWN,home_improvement,0
42,75020.92,1.7,572.0,3206.94,0.072,0,OWN,education,1
41,15000.0,3.2,646.0,10312.58,0.736,1,OWN,education,0
21,68557.51,15.4,551.0,17632.85,0.297,1,RENT,debt_consolidation,1
57,41918.49,1.4,761.0,25022.74,0.588,1,RENT,debt_consolidation,0
33,18387.34,6.6,542.0,11414.2,0.613,2,MORTGAGE,business,1
41,65224.05,2.9,634.0,9462.0,0.263,2,MORTGAGE,medical,0
66,82473.17,1.8,567.0,1000.0,0.06,1,MORTGAGE,home_improvement,0
29,52251.03,3.0,696.0,15827.51,0.257,2,MORTGAGE,home_improvement,1
37,74057.49,0.4,,31336.61,0.428,1,OWN,business,0
67,87245.57,8.0,609.0,17218.87,0.181,4,RENT,home_improvement,0
41,81298.29,1.4,718.0,14821.77,0.176,2,OWN,home_improvement,0
51,87799.29,6.5,652.0,17576.66,0.139,0,MORTGAGE,debt_consolidation,0
59,69842.55,0.4,691.0,14911.26,0.193,3,OWN,home_improvement,0
42,56508.67,15.5,571.0,8495.89,0.241,3,RENT,home_improvement,0
32,22960.68,1.1,538.0,21586.24,0.969,1,MORTGAGE,business,1
26,50078.75,10.7,659.0,16806.09,0.211,1,MORTGAGE,business,0
36,38135.07,,624.0,15140.91,0.458,1,RENT,education,0
46,98418.85,17.2,700.0,7197.07,0.128,0,OWN,home_improvement,0
25,51482.28,3.2,644.0,25428.06,0.476,0,MORTGAGE,home_improvement,1
29,57464.1,6.5,666.0,20317.62,0.389,2,RENT,home_improvement,0
66,66029.71,2.3,520.0,10576.63,0.117,3,OWN,debt_consolidation,1
60,55872.05,1.0,801.0,23014.6,0.388,0,OWN,home_improvement,0
34,88901.02,2.9,637.0,11019.43,0.199,2,OWN,debt_consolidation,0
64,42547.01,0.9,706.0,8743.97,0.192,0,MORTGAGE,education,0
62,58892.15,20.1,583.0,8922.38,0.058,0,RENT,medical,0
50,40150.59,0.5,675.0,1000.0,0.022,1,RENT,home_improvement,0
46,28599.55,4.4,546.0,18772.34,0.652,3,RENT,business,1
65,42764.62,4.9,686.0,1000.0,0.083,0,RENT,business,0
49,54259.26,3.9,622.0,5172.45,0.096,1,OWN,home_improvement,0
39,46413.96,5.4,652.0,1000.0,0.0,1,MORTGAGE,debt_consolidation,0
67,41151.58,0.6,706.0,14311.44,0.4,4,RENT,business,0
28,26873.65,,,13797.44,0.519,0,OWN,business,1
43,53337.89,,595.0,12386.43,0.195,0,MORTGAGE,education,0
62,24905.59,14.1,687.0,6659.38,0.325,0,RENT,education,1
55,70201.12,7.2,818.0,5622.13,0.09,1,OWN,education,0
51,56648.8,18.0,639.0,18714.96,0.331,2,MORTGAGE,business,0
55,25848.97,0.2,697.0,10595.58,0.419,1,OWN,business,1
52,48815.82,1.7,641.0,17530.87,0.306,1,RENT,home_improvement,0
25,39956.87,1.1,805.0,7918.01,0.172,2,OWN,home_improvement,0
36,61383.49,0.1,510.0,16448.5,0.268,1,MORTGAGE,debt_consolidation,0
37,81809.01,1.4,658.0,25426.22,0.301,0,OWN,business,0
52,17496.55,5.7,520.0,19689.33,1.189,1,RENT,home_improvement,1
58,57300.52,1.3,449.0,11700.69,0.215,1,OWN,home_improvement,0
52,51797.34,3.6,674.0,17057.59,0.372,1,RENT,education,0
40,68426.8,10.9,661.0,13074.68,0.192,2,OWN,education,0
68,59263.93,5.9,627.0,15063.04,0.307,1,RENT,education,0
22,39960.61,2.5,642.0,12395.11,0.33,1,RENT,medical,0
40,48618.92,2.3,850.0,13685.32,0.282,0,OWN,home_improvement,0
67,39079.48,3.0,629.0,16696.75,0.427,2,RENT,education,0
38,76520.14,1.0,691.0,7053.13,0.044,0,OWN,education,0
21,55426.23,5.0,598.0,6872.97,0.149,3,RENT,business,1
49,93023.81,2.3,674.0,3891.66,0.04,1,RENT,education,0
49,53786.78,9.6,631.0,2197.83,0.016,1,MORTGAGE,business,0
39,40831.86,7.1,617.0,5261.74,0.184,3,MORTGAGE,debt_consolidation,1
64,24725.71,4.7,796.0,16275.7,0.596,1,RENT,education,0
60,18937.21,2.3,744.0,7857.7,0.394,0,OWN,business,0
26,23317.28,1.2,661.0,19108.92,0.871,1,RENT,education,0
64,60342.53,7.5,466.0,15277.71,0.269,1,OWN,debt_consolidation,1
59,65174.5,3.3,621.0,1000.0,0.013,1,OWN,education,0
66,23376.19,1.3,850.0,20239.8,0.878,0,RENT,business,1
28,72900.77,1.1,632.0,21486.39,0.304,1,MORTGAGE,debt_consolidation,1
44,45338.78,0.9,738.0,7049.1,0.08,2,RENT,debt_consolidation,0
40,57935.86,7.5,765.0,18361.53,0.299,1,RENT,debt_consolidation,0
34,87244.41,1.3,668.0,8148.01,0.174,1,MORTGAGE,medical,1
25,72936.79,3.7,583.0,15781.36,0.183,1,MORTGAGE,business,1
61,49629.39,3.0,455.0,4884.01,0.082,3,OWN,medical,1
60,37176.16,4.3,705.0,1000.0,-0.0,2,OWN,debt_consolidation,0
54,15000.0,10.5,585.0,11937.46,0.791,2,OWN,medical,0
36,40616.93,10.1,664.0,14010.17,0.316,1,OWN,education,0
65,50777.4,3.0,550.0,11818.56,0.257,4,RENT,medical,1
27,35256.41,0.1,629.0,5527.76,0.167,1,OWN,home_improvement,0
36,52374.86,2.8,653.0,11800.81,0.264,4,OWN,debt_consolidation,1
27,56537.04,4.7,671.0,17154.36,0.251,2,MORTGAGE,debt_consolidation,0
47,50502.88,,561.0,14640.86,0.273,2,MORTGAGE,business,1
34,41999.95,5.3,746.0,16460.01,0.381,3,RENT,education,0
34,58373.09,0.8,602.0,9639.08,0.188,2,OWN,business,0
64,63838.81,5.2,516.0,24373.74,0.342,1,RENT,medical,0
53,33192.02,1.0,641.0,5590.61,0.214,1,OWN,home_improvement,0
53,83218.65,6.9,653.0,18900.48,0.286,1,OWN,home_improvement,0
64,53028.24,2.1,663.0,24455.13,0.412,1,MORTGAGE,home_improvement,0
40,55376.99,6.2,759.0,18847.26,0.316,3,MORTGAGE,home_improvement,0
67,69164.29,0.2,631.0,13379.81,0.167,1,MORTGAGE,education,1
56,59664.32,2.6,640.0,10773.62,0.312,2,MORTGAGE,medical,0
27,74062.73,6.1,562.0,23288.7,0.293,5,MORTGAGE,home_improvement,0
52,60742.48,1.3,716.0,3616.2,0.143,0,OWN,debt_consolidation,0
68,42751.25,7.9,665.0,7239.01,0.106,2,MORTGAGE,medical,0
23,62230.07,5.0,616.0,11819.54,0.14,0,RENT,education,1
59,32125.48,4.4,498.0,24901.23,0.741,0,RENT,home_improvement,1
49,57171.19,2.2,766.0,18038.14,0.273,2,OWN,education,0
44,54335.4,3.3,552.0,7255.63,0.12,0,MORTGAGE,home_improvement,0
42,50837.66,4.5,603.0,12517.54,0.211,1,OWN,debt_consolidation,0
26,52429.25,3.2,679.0,10085.41,0.151,0,RENT,medical,0
68,17363.02,6.0,554.0,9321.69,0.595,2,OWN,debt_consolidation,1
44,44025.5,2.8,531.0,22831.12,0.58,1,OWN,home_improvement,0
60,56856.9,1.1,480.0,4026.05,0.118,1,RENT,business,0
43,58197.13,1.2,708.0,27870.25,0.505,0,MORTGAGE,medical,0
58,34446.5,0.0,606.0,21625.84,0.632,2,MORTGAGE,education,1
30,80314.16,1.8,850.0,23726.89,0.271,0,MORTGAGE,home_improvement,0
36,37676.5,6.9,570.0,11296.48,0.252,2,RENT,debt_consolidation,1
31,74389.14,7.9,576.0,13800.47,0.204,1,RENT,business,0
52,63543.89,1.1,605.0,3534.79,-0.003,1,RENT,home_improvement,0
65,42075.45,16.0,669.0,10802.7,0.207,1,RENT,education,0
26,90506.22,3.5,612.0,18949.24,0.267,1,RENT,debt_consolidation,0
44,31127.26,12.4,699.0,25368.5,0.91,1,MORTGAGE,medical,1
53,73383.08,,572.0,6142.75,0.103,1,RENT,business,0
32,75011.65,6.4,539.0,12075.95,0.216,1,MORTGAGE,home_improvement,1
47,41587.6,0.4,506.0,13789.61,0.319,1,MORTGAGE,home_improvement,0
58,82849.31,1.2,472.0,3833.69,-0.021,2,RENT,home_improvement,1
38,49999.07,0.0,609.0,19730.79,0.425,0,MORTGAGE,home_improvement,0
65,60773.87,6.3,626.0,9208.08,0.18,3,MORTGAGE,debt_consolidation,1
59,60206.44,2.1,599.0,13436.88,0.227,2,OWN,medical,0
33,52313.83,7.7,749.0,11384.41,0.205,3,RENT,education,0
60,71216.17,2.1,748.0,8685.29,0.17,1,OWN,business,0
50,70869.77,8.6,623.0,14943.64,0.162,1,RENT,home_improvement,0
69,20029.36,0.7,506.0,13275.12,0.624,0,OWN,home_improvement,1
61,81086.8,1.0,605.0,12025.14,0.098,0,RENT,medical,0
33,21750.16,2.1,602.0,9172.31,0.426,2,OWN,medical,1
54,75650.92,,597.0,17556.2,0.178,1,RENT,debt_consolidation,0
56,77534.1,2.1,594.0,28228.94,0.33,0,RENT,debt_consolidation,0
50,33180.67,7.2,598.0,16119.1,0.451,2,OWN,debt_consolidation,0
45,46783.71,0.5,619.0,22968.95,0.478,1,OWN,business,1
22,32885.91,2.2,599.0,3878.22,0.044,1,OWN,debt_consolidation,0
56,50701.58,9.1,667.0,16262.09,0.325,0,RENT,home_improvement,0
38,48839.31,0.3,679.0,6221.05,0.19,2,MORTGAGE,debt_consolidation,0
25,70593.21,14.3,577.0,3184.6,0.052,1,OWN,business,0
39,81206.17,21.5,752.0,9085.03,0.189,1,RENT,debt_consolidation,0
62,82913.68,0.5,572.0,24535.19,0.363,2,OWN,debt_consolidation,0
38,43756.64,1.7,521.0,22600.13,0.555,3,OWN,home_improvement,1
52,50815.56,2.3,680.0,16944.04,0.337,1,RENT,home_improvement,0
41,21331.24,7.5,585.0,2738.4,0.129,1,OWN,home_improvement,0
30,38882.6,4.5,676.0,13429.75,0.384,0,MORTGAGE,debt_consolidation,1
57,74297.03,5.2,458.0,17413.6,0.215,2,MORTGAGE,home_improvement,1
69,87311.66,7.1,761.0,16404.29,0.094,2,RENT,medical,0
42,30313.02,0.6,704.0,1000.0,0.058,0,MORTGAGE,education,1
33,43150.71,9.0,530.0,7877.46,0.126,1,RENT,education,1
37,54471.88,6.1,532.0,14487.38,0.218,2,MORTGAGE,home_improvement,1
29,60603.22,4.3,784.0,19290.33,0.318,0,RENT,business,0
44,38807.93,11.0,591.0,1000.0,0.021,2,OWN,home_improvement,1
64,63481.22,6.0,583.0,13703.01,0.145,3,OWN,home_improvement,0
34,45523.21,1.1,469.0,16144.39,0.363,0,RENT,debt_consolidation,1
66,54710.95,2.8,622.0,21796.9,0.447,2,MORTGAGE,business,0
28,65925.68,3.4,632.0,20542.86,0.255,1,OWN,home_improvement,1
57,55128.45,0.3,707.0,19660.57,0.42,4,RENT,medical,0
39,46272.28,15.5,538.0,8600.48,0.108,1,OWN,education,0
48,52807.8,0.7,528.0,1000.0,0.125,2,OWN,medical,0
66,53232.74,6.0,686.0,11855.58,0.202,0,RENT,medical,0
61,47599.78,3.5,731.0,23013.05,0.491,1,MORTGAGE,medical,0
50,49824.08,0.1,524.0,26147.64,0.43,0,MORTGAGE,business,1
27,86972.94,12.9,737.0,20684.39,0.235,3,RENT,business,0
46,66218.39,9.5,653.0,18434.73,0.29,1,OWN,business,1
60,49090.39,3.7,737.0,18037.12,0.363,1,RENT,education,0
66,68939.09,1.3,644.0,10551.05,0.125,2,MORTGAGE,debt_consolidation,0
66,48323.61,0.6,448.0,13959.52,0.242,0,MORTGAGE,home_improvement,0
31,78462.49,,638.0,28352.56,0.418,3,RENT,home_improvement,0
34,62392.84,1.5,735.0,7459.54,0.121,0,MORTGAGE,debt_consolidation,0
41,52853.96,3.5,579.0,27918.23,0.605,2,OWN,home_improvement,1
28,63954.34,17.0,619.0,12423.77,0.168,1,RENT,medical,1
23,23582.48,4.3,636.0,25603.46,1.064,2,MORTGAGE,education,1
48,32464.65,11.0,418.0,3745.48,0.156,2,OWN,home_improvement,0
49,31121.5,5.3,,19687.23,0.551,1,OWN,education,0
43,57858.86,3.2,578.0,9105.84,0.097,0,MORTGAGE,debt_consolidation,1
38,89650.3,9.6,690.0,3677.86,0.096,2,RENT,home_improvement,0
55,99626.0,3.2,643.0,16748.27,0.11,0,RENT,education,0
33,67761.02,10.1,751.0,23075.77,0.25,1,MORTGAGE,medical,0
32,65016.89,1.7,682.0,8240.47,0.22,0,MORTGAGE,medical,0
67,18978.85,0.7,631.0,3007.87,0.089,1,MORTGAGE,debt_consolidation,0
25,44146.52,9.7,,14265.24,0.332,0,RENT,business,0
59,39244.32,4.4,714.0,14300.52,0.368,1,OWN,home_improvement,0
31,42583.05,11.0,500.0,19386.56,0.315,0,MORTGAGE,medical,1
31,51637.12,13.9,702.0,22596.76,0.424,1,RENT,medical,0
67,45558.19,0.3,562.0,14524.68,0.341,1,RENT,debt_consolidation,0
62,15414.0,,750.0,29844.03,1.954,0,OWN,medical,1
67,69958.21,2.3,663.0,16793.88,0.285,2,RENT,home_improvement,0
51,33545.14,4.9,,12228.59,0.345,1,RENT,debt_consolidation,0
51,59784.94,7.9,657.0,2107.46,0.071,1,MORTGAGE,education,1
33,96481.65,1.6,510.0,12898.72,0.099,2,MORTGAGE,debt_consolidation,1
34,36612.31,,581.0,12308.9,0.266,2,OWN,home_improvement,0
69,15000.0,6.2,704.0,22682.44,1.447,0,MORTGAGE,home_improvement,1
65,49279.92,0.7,663.0,18699.87,0.306,3,MORTGAGE,education,0
62,77019.19,8.4,744.0,5565.05,0.123,1,MORTGAGE,debt_consolidation,1
45,94166.95,4.7,682.0,16378.04,0.098,0,RENT,home_improvement,0
53,30409.01,14.9,573.0,20372.25,0.684,1,RENT,home_improvement,0
53,64933.98,2.1,586.0,27224.25,0.406,0,RENT,education,0
35,45693.79,0.6,658.0,22100.03,0.479,0,RENT,business,0
36,52881.03,3.5,465.0,21086.77,0.467,0,RENT,debt_consolidation,0
64,107886.87,0.4,784.0,15480.69,0.122,0,RENT,home_improvement,0
58,24940.59,17.5,685.0,18106.5,0.757,1,RENT,medical,0
26,60074.79,0.2,748.0,24996.04,0.418,0,RENT,education,1
64,64353.86,7.0,524.0,4337.78,0.06,2,OWN,business,0
45,76715.73,3.7,,12204.49,0.274,2,RENT,business,0
35,56959.66,2.3,829.0,8819.45,0.083,1,MORTGAGE,education,0
24,61161.01,,544.0,18033.22,0.359,1,RENT,business,0
24,47167.03,4.9,712.0,24841.78,0.559,2,MORTGAGE,home_improvement,0
50,60382.54,4.4,650.0,10224.21,0.145,0,MORTGAGE,business,0
54,48136.15,1.6,526.0,1000.0,0.102,2,MORTGAGE,debt_consolidation,0
47,67431.44,12.1,689.0,11702.23,0.081,1,MORTGAGE,medical,0
51,47607.79,1.8,717.0,22307.79,0.442,0,MORTGAGE,home_improvement,0
52,62542.01,3.0,602.0,19301.04,0.248,1,RENT,education,0
64,54414.74,3.9,743.0,18425.49,0.359,0,MORTGAGE,medical,0
59,77521.01,0.5,517.0,12760.05,0.109,0,MORTGAGE,home_improvement,0
29,53972.13,13.5,530.0,4767.75,0.11,1,MORTGAGE,medical,0
61,19539.35,2.3,661.0,19122.35,0.969,1,RENT,business,1
28,80238.43,0.4,652.0,8325.75,0.08,1,OWN,education,0
34,36885.35,2.4,593.0,32472.77,0.9,1,MORTGAGE,education,1
53,41924.67,4.6,715.0,19564.06,0.453,1,OWN,debt_consolidation,0
43,43086.77,3.6,692.0,10354.81,0.186,0,MORTGAGE,business,0
41,82488.76,5.9,719.0,10108.92,0.263,1,RENT,debt_consolidation,0
32,15000.0,0.3,640.0,14256.45,0.926,0,RENT,debt_consolidation,0
22,117754.97,1.7,698.0,13083.98,0.0,1,OWN,business,1
33,76121.14,8.6,614.0,23934.67,0.272,0,RENT,home_improvement,0
24,59464.78,0.4,814.0,16491.33,0.214,0,RENT,debt_consolidation,0
40,53902.12,9.7,585.0,9146.95,0.211,0,RENT,medical,0
68,60711.08,0.5,818.0,30123.53,0.512,1,RENT,home_improvement,0
34,65422.45,9.0,653.0,15394.47,0.255,0,OWN,business,0
50,67904.31,2.2,540.0,21150.72,0.293,0,RENT,education,0
49,66112.09,4.7,759.0,10134.19,0.139,2,MORTGAGE,home_improvement,0
28,56791.61,,660.0,17904.93,0.297,1,MORTGAGE,debt_consolidation,0
32,51053.23,0.3,718.0,17488.88,0.339,3,MORTGAGE,medical,0
61,51974.53,1.2,748.0,1000.0,0.061,1,RENT,business,0
58,51101.83,0.7,677.0,31122.2,0.626,1,OWN,education,0
46,77675.4,1.9,603.0,25325.16,0.351,3,OWN,medical,1
22,66871.13,3.6,728.0,11822.44,0.202,0,MORTGAGE,education,0
60,15000.0,4.4,650.0,6181.84,0.456,3,MORTGAGE,business,1
34,68118.02,7.8,705.0,17780.49,0.275,2,OWN,home_improvement,0
26,58894.72,5.3,478.0,15693.58,0.284,0,MORTGAGE,debt_consolidation,1
62,54625.82,4.7,686.0,17845.35,0.386,0,RENT,business,0
60,47229.63,2.7,599.0,16532.62,0.317,1,RENT,medical,0
51,77482.25,3.2,782.0,19049.93,0.203,0,MORTGAGE,home_improvement,0
37,73950.53,2.7,700.0,26578.45,0.3,0,RENT,education,0
45,39542.45,9.2,,19544.83,0.503,1,RENT,home_improvement,0
52,63141.05,1.3,689.0,6602.76,0.012,0,MORTGAGE,home_improvement,0
32,35566.87,0.0,570.0,25900.5,0.751,2,RENT,medical,1
69,27407.64,5.3,780.0,28124.92,1.021,2,OWN,debt_consolidation,1
33,42465.66,1.1,809.0,40216.45,1.004,0,MORTGAGE,home_improvement,0
39,72247.87,11.0,681.0,6012.05,0.05,1,RENT,home_improvement,0
64,74062.5,9.8,777.0,16943.06,0.219,0,RENT,debt_consolidation,0
68,65261.71,0.4,604.0,1000.0,0.071,2,RENT,debt_consolidation,0
45,69501.92,0.6,586.0,19425.19,0.349,0,RENT,education,0
51,65323.57,3.4,653.0,10614.4,0.128,1,RENT,education,0
57,42170.37,4.7,685.0,30387.57,0.73,3,RENT,debt_consolidation,1
45,63638.45,1.6,618.0,8803.08,0.153,3,OWN,business,0
36,71008.19,6.3,693.0,1486.54,0.04,1,RENT,debt_consolidation,0
58,70085.83,4.5,675.0,11229.89,0.147,2,MORTGAGE,education,0
63,78778.27,2.0,570.0,1000.0,0.077,0,MORTGAGE,medical,0
69,69166.08,0.1,692.0,21008.8,0.209,2,MORTGAGE,medical,0
43,62028.96,6.9,,1000.0,-0.005,2,OWN,home_improvement,0
34,76403.0,1.2,664.0,15227.66,0.222,1,RENT,medical,0
26,54469.57,9.0,742.0,1000.0,0.041,1,MORTGAGE,education,0
45,37362.51,2.7,553.0,12437.62,0.401,0,RENT,medical,0
43,51738.66,4.3,687.0,28147.03,0.604,2,RENT,business,1
63,40101.95,10.3,556.0,17885.18,0.432,0,MORTGAGE,debt_consolidation,0
